Participant,Contrast,Word,Similarity,Score,Repeats
R_3s1GtAMrJrzmbHo,C,Studeren,NS,0,1
R_3s1GtAMrJrzmbHo,C,Studeren,NS,0,2
R_3s1GtAMrJrzmbHo,C,Studeren,NS,1,3
R_3s1GtAMrJrzmbHo,C,Studeren,NS,1,4
R_3s1GtAMrJrzmbHo,C,Studeren,NS,1,5
R_3s1GtAMrJrzmbHo,C,Stoel,NS,1,1
R_3s1GtAMrJrzmbHo,C,Stoel,NS,0,2
R_3s1GtAMrJrzmbHo,C,Stoel,NS,1,3
R_3s1GtAMrJrzmbHo,C,Stoel,NS,0,4
R_3s1GtAMrJrzmbHo,C,Stoel,NS,1,5
R_3s1GtAMrJrzmbHo,C,Varken,NS,1,1
R_3s1GtAMrJrzmbHo,C,Varken,NS,0,2
R_3s1GtAMrJrzmbHo,C,Varken,NS,0,3
R_3s1GtAMrJrzmbHo,C,Varken,NS,1,4
R_3s1GtAMrJrzmbHo,C,Varken,NS,1,5
R_3s1GtAMrJrzmbHo,C,Eten,NS,1,1
R_3s1GtAMrJrzmbHo,C,Eten,NS,0,2
R_3s1GtAMrJrzmbHo,C,Eten,NS,0,3
R_3s1GtAMrJrzmbHo,C,Eten,NS,1,4
R_3s1GtAMrJrzmbHo,C,Eten,NS,0,5
R_3s1GtAMrJrzmbHo,C,Fruit,NS,1,1
R_3s1GtAMrJrzmbHo,C,Fruit,NS,0,2
R_3s1GtAMrJrzmbHo,C,Fruit,NS,1,3
R_3s1GtAMrJrzmbHo,C,Fruit,NS,0,4
R_3s1GtAMrJrzmbHo,C,Fruit,NS,0,5
R_3s1GtAMrJrzmbHo,C,Stad,NS,1,1
R_3s1GtAMrJrzmbHo,C,Stad,NS,1,2
R_3s1GtAMrJrzmbHo,C,Stad,NS,1,3
R_3s1GtAMrJrzmbHo,C,Stad,NS,0,4
R_3s1GtAMrJrzmbHo,C,Stad,NS,0,5
R_3s1GtAMrJrzmbHo,C,Cafe,NS,1,1
R_3s1GtAMrJrzmbHo,C,Cafe,NS,1,2
R_3s1GtAMrJrzmbHo,C,Cafe,NS,0,3
R_3s1GtAMrJrzmbHo,C,Cafe,NS,1,4
R_3s1GtAMrJrzmbHo,C,Cafe,NS,1,5
R_3s1GtAMrJrzmbHo,C,Zomer,NS,1,1
R_3s1GtAMrJrzmbHo,C,Zomer,NS,1,2
R_3s1GtAMrJrzmbHo,C,Zomer,NS,1,3
R_3s1GtAMrJrzmbHo,C,Zomer,NS,1,4
R_3s1GtAMrJrzmbHo,C,Zomer,NS,1,5
R_3s1GtAMrJrzmbHo,C,Kopen,MS,0,1
R_3s1GtAMrJrzmbHo,C,Kopen,MS,1,2
R_3s1GtAMrJrzmbHo,C,Kopen,MS,1,3
R_3s1GtAMrJrzmbHo,C,Kopen,MS,1,4
R_3s1GtAMrJrzmbHo,C,Kopen,MS,1,5
R_3s1GtAMrJrzmbHo,C,Goedkoop,MS,0,1
R_3s1GtAMrJrzmbHo,C,Goedkoop,MS,0,2
R_3s1GtAMrJrzmbHo,C,Goedkoop,MS,0,3
R_3s1GtAMrJrzmbHo,C,Goedkoop,MS,1,4
R_3s1GtAMrJrzmbHo,C,Goedkoop,MS,0,5
R_3s1GtAMrJrzmbHo,C,Maand,MS,1,1
R_3s1GtAMrJrzmbHo,C,Maand,MS,0,2
R_3s1GtAMrJrzmbHo,C,Maand,MS,1,3
R_3s1GtAMrJrzmbHo,C,Maand,MS,0,4
R_3s1GtAMrJrzmbHo,C,Maand,MS,0,5
R_3s1GtAMrJrzmbHo,C,Dochter,MS,0,1
R_3s1GtAMrJrzmbHo,C,Dochter,MS,0,2
R_3s1GtAMrJrzmbHo,C,Dochter,MS,0,3
R_3s1GtAMrJrzmbHo,C,Dochter,MS,0,4
R_3s1GtAMrJrzmbHo,C,Dochter,MS,0,5
R_3s1GtAMrJrzmbHo,C,Kamer,MS,0,1
R_3s1GtAMrJrzmbHo,C,Kamer,MS,1,2
R_3s1GtAMrJrzmbHo,C,Kamer,MS,1,3
R_3s1GtAMrJrzmbHo,C,Kamer,MS,1,4
R_3s1GtAMrJrzmbHo,C,Kamer,MS,1,5
R_3s1GtAMrJrzmbHo,C,Brood,MS,0,1
R_3s1GtAMrJrzmbHo,C,Brood,MS,1,2
R_3s1GtAMrJrzmbHo,C,Brood,MS,1,3
R_3s1GtAMrJrzmbHo,C,Brood,MS,1,4
R_3s1GtAMrJrzmbHo,C,Brood,MS,1,5
R_3s1GtAMrJrzmbHo,C,Oost,MS,1,1
R_3s1GtAMrJrzmbHo,C,Oost,MS,0,2
R_3s1GtAMrJrzmbHo,C,Oost,MS,1,3
R_3s1GtAMrJrzmbHo,C,Oost,MS,0,4
R_3s1GtAMrJrzmbHo,C,Oost,MS,1,5
R_3s1GtAMrJrzmbHo,C,Poep,MS,0,1
R_3s1GtAMrJrzmbHo,C,Poep,MS,1,2
R_3s1GtAMrJrzmbHo,C,Poep,MS,0,3
R_3s1GtAMrJrzmbHo,C,Poep,MS,1,4
R_3s1GtAMrJrzmbHo,C,Poep,MS,0,5
R_3s1GtAMrJrzmbHo,C,Zout,HS,0,1
R_3s1GtAMrJrzmbHo,C,Zout,HS,1,2
R_3s1GtAMrJrzmbHo,C,Zout,HS,1,3
R_3s1GtAMrJrzmbHo,C,Zout,HS,1,4
R_3s1GtAMrJrzmbHo,C,Zout,HS,1,5
R_3s1GtAMrJrzmbHo,C,Schop,HS,0,1
R_3s1GtAMrJrzmbHo,C,Schop,HS,0,2
R_3s1GtAMrJrzmbHo,C,Schop,HS,1,3
R_3s1GtAMrJrzmbHo,C,Schop,HS,0,4
R_3s1GtAMrJrzmbHo,C,Schop,HS,0,5
R_3s1GtAMrJrzmbHo,C,Verwijderen,HS,0,1
R_3s1GtAMrJrzmbHo,C,Verwijderen,HS,0,2
R_3s1GtAMrJrzmbHo,C,Verwijderen,HS,0,3
R_3s1GtAMrJrzmbHo,C,Verwijderen,HS,1,4
R_3s1GtAMrJrzmbHo,C,Verwijderen,HS,0,5
R_3s1GtAMrJrzmbHo,C,Slaan,HS,0,1
R_3s1GtAMrJrzmbHo,C,Slaan,HS,1,2
R_3s1GtAMrJrzmbHo,C,Slaan,HS,0,3
R_3s1GtAMrJrzmbHo,C,Slaan,HS,1,4
R_3s1GtAMrJrzmbHo,C,Slaan,HS,0,5
R_3s1GtAMrJrzmbHo,C,Rijstcake,HS,0,1
R_3s1GtAMrJrzmbHo,C,Rijstcake,HS,0,2
R_3s1GtAMrJrzmbHo,C,Rijstcake,HS,0,3
R_3s1GtAMrJrzmbHo,C,Rijstcake,HS,1,4
R_3s1GtAMrJrzmbHo,C,Rijstcake,HS,0,5
R_3s1GtAMrJrzmbHo,C,Kin,HS,0,1
R_3s1GtAMrJrzmbHo,C,Kin,HS,0,2
R_3s1GtAMrJrzmbHo,C,Kin,HS,0,3
R_3s1GtAMrJrzmbHo,C,Kin,HS,0,4
R_3s1GtAMrJrzmbHo,C,Kin,HS,1,5
R_3s1GtAMrJrzmbHo,C,Uitzetten,HS,0,1
R_3s1GtAMrJrzmbHo,C,Uitzetten,HS,1,2
R_3s1GtAMrJrzmbHo,C,Uitzetten,HS,1,3
R_3s1GtAMrJrzmbHo,C,Uitzetten,HS,0,4
R_3s1GtAMrJrzmbHo,C,Uitzetten,HS,1,5
R_3s1GtAMrJrzmbHo,C,Groot,HS,0,1
R_3s1GtAMrJrzmbHo,C,Groot,HS,1,2
R_3s1GtAMrJrzmbHo,C,Groot,HS,1,3
R_3s1GtAMrJrzmbHo,C,Groot,HS,1,4
R_3s1GtAMrJrzmbHo,C,Groot,HS,1,5
R_2fAMhDxYm9jjQI5,NC,Studeren,NS,0,1
R_2fAMhDxYm9jjQI5,NC,Studeren,NS,1,2
R_2fAMhDxYm9jjQI5,NC,Studeren,NS,1,3
R_2fAMhDxYm9jjQI5,NC,Studeren,NS,1,4
R_2fAMhDxYm9jjQI5,NC,Studeren,NS,1,5
R_2fAMhDxYm9jjQI5,NC,Stoel,NS,0,1
R_2fAMhDxYm9jjQI5,NC,Stoel,NS,0,2
R_2fAMhDxYm9jjQI5,NC,Stoel,NS,0,3
R_2fAMhDxYm9jjQI5,NC,Stoel,NS,1,4
R_2fAMhDxYm9jjQI5,NC,Stoel,NS,1,5
R_2fAMhDxYm9jjQI5,NC,Varken,NS,0,1
R_2fAMhDxYm9jjQI5,NC,Varken,NS,0,2
R_2fAMhDxYm9jjQI5,NC,Varken,NS,1,3
R_2fAMhDxYm9jjQI5,NC,Varken,NS,1,4
R_2fAMhDxYm9jjQI5,NC,Varken,NS,1,5
R_2fAMhDxYm9jjQI5,NC,Eten,NS,1,1
R_2fAMhDxYm9jjQI5,NC,Eten,NS,1,2
R_2fAMhDxYm9jjQI5,NC,Eten,NS,1,3
R_2fAMhDxYm9jjQI5,NC,Eten,NS,1,4
R_2fAMhDxYm9jjQI5,NC,Eten,NS,1,5
R_2fAMhDxYm9jjQI5,NC,Fruit,NS,1,1
R_2fAMhDxYm9jjQI5,NC,Fruit,NS,1,2
R_2fAMhDxYm9jjQI5,NC,Fruit,NS,1,3
R_2fAMhDxYm9jjQI5,NC,Fruit,NS,1,4
R_2fAMhDxYm9jjQI5,NC,Fruit,NS,1,5
R_2fAMhDxYm9jjQI5,NC,Stad,NS,1,1
R_2fAMhDxYm9jjQI5,NC,Stad,NS,1,2
R_2fAMhDxYm9jjQI5,NC,Stad,NS,1,3
R_2fAMhDxYm9jjQI5,NC,Stad,NS,1,4
R_2fAMhDxYm9jjQI5,NC,Stad,NS,1,5
R_2fAMhDxYm9jjQI5,NC,Cafe,NS,1,1
R_2fAMhDxYm9jjQI5,NC,Cafe,NS,1,2
R_2fAMhDxYm9jjQI5,NC,Cafe,NS,1,3
R_2fAMhDxYm9jjQI5,NC,Cafe,NS,1,4
R_2fAMhDxYm9jjQI5,NC,Cafe,NS,1,5
R_2fAMhDxYm9jjQI5,NC,Zomer,NS,1,1
R_2fAMhDxYm9jjQI5,NC,Zomer,NS,1,2
R_2fAMhDxYm9jjQI5,NC,Zomer,NS,1,3
R_2fAMhDxYm9jjQI5,NC,Zomer,NS,1,4
R_2fAMhDxYm9jjQI5,NC,Zomer,NS,1,5
R_2fAMhDxYm9jjQI5,NC,Kopen,MS,1,1
R_2fAMhDxYm9jjQI5,NC,Kopen,MS,1,2
R_2fAMhDxYm9jjQI5,NC,Kopen,MS,1,3
R_2fAMhDxYm9jjQI5,NC,Kopen,MS,1,4
R_2fAMhDxYm9jjQI5,NC,Kopen,MS,1,5
R_2fAMhDxYm9jjQI5,NC,Maand,MS,0,1
R_2fAMhDxYm9jjQI5,NC,Maand,MS,1,2
R_2fAMhDxYm9jjQI5,NC,Maand,MS,1,3
R_2fAMhDxYm9jjQI5,NC,Maand,MS,1,4
R_2fAMhDxYm9jjQI5,NC,Maand,MS,1,5
R_2fAMhDxYm9jjQI5,NC,Goedkoop,MS,1,1
R_2fAMhDxYm9jjQI5,NC,Goedkoop,MS,1,2
R_2fAMhDxYm9jjQI5,NC,Goedkoop,MS,1,3
R_2fAMhDxYm9jjQI5,NC,Goedkoop,MS,1,4
R_2fAMhDxYm9jjQI5,NC,Goedkoop,MS,1,5
R_2fAMhDxYm9jjQI5,NC,Dochter,MS,0,1
R_2fAMhDxYm9jjQI5,NC,Dochter,MS,1,2
R_2fAMhDxYm9jjQI5,NC,Dochter,MS,1,3
R_2fAMhDxYm9jjQI5,NC,Dochter,MS,1,4
R_2fAMhDxYm9jjQI5,NC,Dochter,MS,1,5
R_2fAMhDxYm9jjQI5,NC,Kamer,MS,0,1
R_2fAMhDxYm9jjQI5,NC,Kamer,MS,0,2
R_2fAMhDxYm9jjQI5,NC,Kamer,MS,0,3
R_2fAMhDxYm9jjQI5,NC,Kamer,MS,1,4
R_2fAMhDxYm9jjQI5,NC,Kamer,MS,1,5
R_2fAMhDxYm9jjQI5,NC,Oost,MS,0,1
R_2fAMhDxYm9jjQI5,NC,Oost,MS,0,2
R_2fAMhDxYm9jjQI5,NC,Oost,MS,1,3
R_2fAMhDxYm9jjQI5,NC,Oost,MS,1,4
R_2fAMhDxYm9jjQI5,NC,Oost,MS,1,5
R_2fAMhDxYm9jjQI5,NC,Brood,MS,1,1
R_2fAMhDxYm9jjQI5,NC,Brood,MS,1,2
R_2fAMhDxYm9jjQI5,NC,Brood,MS,1,3
R_2fAMhDxYm9jjQI5,NC,Brood,MS,1,4
R_2fAMhDxYm9jjQI5,NC,Brood,MS,1,5
R_2fAMhDxYm9jjQI5,NC,Poep,MS,1,1
R_2fAMhDxYm9jjQI5,NC,Poep,MS,1,2
R_2fAMhDxYm9jjQI5,NC,Poep,MS,0,3
R_2fAMhDxYm9jjQI5,NC,Poep,MS,1,4
R_2fAMhDxYm9jjQI5,NC,Poep,MS,1,5
R_2fAMhDxYm9jjQI5,NC,Zout,HS,1,1
R_2fAMhDxYm9jjQI5,NC,Zout,HS,0,2
R_2fAMhDxYm9jjQI5,NC,Zout,HS,1,3
R_2fAMhDxYm9jjQI5,NC,Zout,HS,1,4
R_2fAMhDxYm9jjQI5,NC,Zout,HS,0,5
R_2fAMhDxYm9jjQI5,NC,Verwijderen,HS,1,1
R_2fAMhDxYm9jjQI5,NC,Verwijderen,HS,0,2
R_2fAMhDxYm9jjQI5,NC,Verwijderen,HS,1,3
R_2fAMhDxYm9jjQI5,NC,Verwijderen,HS,1,4
R_2fAMhDxYm9jjQI5,NC,Verwijderen,HS,1,5
R_2fAMhDxYm9jjQI5,NC,Schop,HS,1,1
R_2fAMhDxYm9jjQI5,NC,Schop,HS,1,2
R_2fAMhDxYm9jjQI5,NC,Schop,HS,0,3
R_2fAMhDxYm9jjQI5,NC,Schop,HS,1,4
R_2fAMhDxYm9jjQI5,NC,Schop,HS,1,5
R_2fAMhDxYm9jjQI5,NC,Slaan,HS,0,1
R_2fAMhDxYm9jjQI5,NC,Slaan,HS,0,2
R_2fAMhDxYm9jjQI5,NC,Slaan,HS,0,3
R_2fAMhDxYm9jjQI5,NC,Slaan,HS,0,4
R_2fAMhDxYm9jjQI5,NC,Slaan,HS,1,5
R_2fAMhDxYm9jjQI5,NC,Rijstcake,HS,1,1
R_2fAMhDxYm9jjQI5,NC,Rijstcake,HS,1,2
R_2fAMhDxYm9jjQI5,NC,Rijstcake,HS,1,3
R_2fAMhDxYm9jjQI5,NC,Rijstcake,HS,1,4
R_2fAMhDxYm9jjQI5,NC,Rijstcake,HS,1,5
R_2fAMhDxYm9jjQI5,NC,Uitzetten,HS,1,1
R_2fAMhDxYm9jjQI5,NC,Uitzetten,HS,1,2
R_2fAMhDxYm9jjQI5,NC,Uitzetten,HS,1,3
R_2fAMhDxYm9jjQI5,NC,Uitzetten,HS,1,4
R_2fAMhDxYm9jjQI5,NC,Uitzetten,HS,1,5
R_2fAMhDxYm9jjQI5,NC,Kin,HS,0,1
R_2fAMhDxYm9jjQI5,NC,Kin,HS,1,2
R_2fAMhDxYm9jjQI5,NC,Kin,HS,1,3
R_2fAMhDxYm9jjQI5,NC,Kin,HS,1,4
R_2fAMhDxYm9jjQI5,NC,Kin,HS,1,5
R_2fAMhDxYm9jjQI5,NC,Groot,HS,1,1
R_2fAMhDxYm9jjQI5,NC,Groot,HS,1,2
R_2fAMhDxYm9jjQI5,NC,Groot,HS,1,3
R_2fAMhDxYm9jjQI5,NC,Groot,HS,1,4
R_2fAMhDxYm9jjQI5,NC,Groot,HS,1,5
R_2Va2TPqQEM8vN08,NC,Studeren,NS,0,1
R_2Va2TPqQEM8vN08,NC,Studeren,NS,1,2
R_2Va2TPqQEM8vN08,NC,Studeren,NS,0,3
R_2Va2TPqQEM8vN08,NC,Studeren,NS,1,4
R_2Va2TPqQEM8vN08,NC,Studeren,NS,0,5
R_2Va2TPqQEM8vN08,NC,Stoel,NS,0,1
R_2Va2TPqQEM8vN08,NC,Stoel,NS,1,2
R_2Va2TPqQEM8vN08,NC,Stoel,NS,1,3
R_2Va2TPqQEM8vN08,NC,Stoel,NS,1,4
R_2Va2TPqQEM8vN08,NC,Stoel,NS,1,5
R_2Va2TPqQEM8vN08,NC,Varken,NS,1,1
R_2Va2TPqQEM8vN08,NC,Varken,NS,1,2
R_2Va2TPqQEM8vN08,NC,Varken,NS,0,3
R_2Va2TPqQEM8vN08,NC,Varken,NS,1,4
R_2Va2TPqQEM8vN08,NC,Varken,NS,1,5
R_2Va2TPqQEM8vN08,NC,Eten,NS,1,1
R_2Va2TPqQEM8vN08,NC,Eten,NS,1,2
R_2Va2TPqQEM8vN08,NC,Eten,NS,1,3
R_2Va2TPqQEM8vN08,NC,Eten,NS,1,4
R_2Va2TPqQEM8vN08,NC,Eten,NS,1,5
R_2Va2TPqQEM8vN08,NC,Fruit,NS,1,1
R_2Va2TPqQEM8vN08,NC,Fruit,NS,1,2
R_2Va2TPqQEM8vN08,NC,Fruit,NS,1,3
R_2Va2TPqQEM8vN08,NC,Fruit,NS,1,4
R_2Va2TPqQEM8vN08,NC,Fruit,NS,1,5
R_2Va2TPqQEM8vN08,NC,Stad,NS,1,1
R_2Va2TPqQEM8vN08,NC,Stad,NS,0,2
R_2Va2TPqQEM8vN08,NC,Stad,NS,1,3
R_2Va2TPqQEM8vN08,NC,Stad,NS,1,4
R_2Va2TPqQEM8vN08,NC,Stad,NS,1,5
R_2Va2TPqQEM8vN08,NC,Cafe,NS,1,1
R_2Va2TPqQEM8vN08,NC,Cafe,NS,1,2
R_2Va2TPqQEM8vN08,NC,Cafe,NS,1,3
R_2Va2TPqQEM8vN08,NC,Cafe,NS,1,4
R_2Va2TPqQEM8vN08,NC,Cafe,NS,1,5
R_2Va2TPqQEM8vN08,NC,Zomer,NS,1,1
R_2Va2TPqQEM8vN08,NC,Zomer,NS,1,2
R_2Va2TPqQEM8vN08,NC,Zomer,NS,1,3
R_2Va2TPqQEM8vN08,NC,Zomer,NS,1,4
R_2Va2TPqQEM8vN08,NC,Zomer,NS,1,5
R_2Va2TPqQEM8vN08,NC,Kopen,MS,1,1
R_2Va2TPqQEM8vN08,NC,Kopen,MS,1,2
R_2Va2TPqQEM8vN08,NC,Kopen,MS,0,3
R_2Va2TPqQEM8vN08,NC,Kopen,MS,1,4
R_2Va2TPqQEM8vN08,NC,Kopen,MS,1,5
R_2Va2TPqQEM8vN08,NC,Maand,MS,1,1
R_2Va2TPqQEM8vN08,NC,Maand,MS,1,2
R_2Va2TPqQEM8vN08,NC,Maand,MS,1,3
R_2Va2TPqQEM8vN08,NC,Maand,MS,1,4
R_2Va2TPqQEM8vN08,NC,Maand,MS,1,5
R_2Va2TPqQEM8vN08,NC,Goedkoop,MS,0,1
R_2Va2TPqQEM8vN08,NC,Goedkoop,MS,1,2
R_2Va2TPqQEM8vN08,NC,Goedkoop,MS,1,3
R_2Va2TPqQEM8vN08,NC,Goedkoop,MS,1,4
R_2Va2TPqQEM8vN08,NC,Goedkoop,MS,1,5
R_2Va2TPqQEM8vN08,NC,Dochter,MS,1,1
R_2Va2TPqQEM8vN08,NC,Dochter,MS,1,2
R_2Va2TPqQEM8vN08,NC,Dochter,MS,1,3
R_2Va2TPqQEM8vN08,NC,Dochter,MS,1,4
R_2Va2TPqQEM8vN08,NC,Dochter,MS,1,5
R_2Va2TPqQEM8vN08,NC,Kamer,MS,1,1
R_2Va2TPqQEM8vN08,NC,Kamer,MS,0,2
R_2Va2TPqQEM8vN08,NC,Kamer,MS,1,3
R_2Va2TPqQEM8vN08,NC,Kamer,MS,0,4
R_2Va2TPqQEM8vN08,NC,Kamer,MS,0,5
R_2Va2TPqQEM8vN08,NC,Oost,MS,0,1
R_2Va2TPqQEM8vN08,NC,Oost,MS,1,2
R_2Va2TPqQEM8vN08,NC,Oost,MS,0,3
R_2Va2TPqQEM8vN08,NC,Oost,MS,0,4
R_2Va2TPqQEM8vN08,NC,Oost,MS,1,5
R_2Va2TPqQEM8vN08,NC,Brood,MS,1,1
R_2Va2TPqQEM8vN08,NC,Brood,MS,1,2
R_2Va2TPqQEM8vN08,NC,Brood,MS,1,3
R_2Va2TPqQEM8vN08,NC,Brood,MS,1,4
R_2Va2TPqQEM8vN08,NC,Brood,MS,1,5
R_2Va2TPqQEM8vN08,NC,Poep,MS,0,1
R_2Va2TPqQEM8vN08,NC,Poep,MS,1,2
R_2Va2TPqQEM8vN08,NC,Poep,MS,1,3
R_2Va2TPqQEM8vN08,NC,Poep,MS,1,4
R_2Va2TPqQEM8vN08,NC,Poep,MS,1,5
R_2Va2TPqQEM8vN08,NC,Zout,HS,0,1
R_2Va2TPqQEM8vN08,NC,Zout,HS,1,2
R_2Va2TPqQEM8vN08,NC,Zout,HS,1,3
R_2Va2TPqQEM8vN08,NC,Zout,HS,1,4
R_2Va2TPqQEM8vN08,NC,Zout,HS,1,5
R_2Va2TPqQEM8vN08,NC,Verwijderen,HS,1,1
R_2Va2TPqQEM8vN08,NC,Verwijderen,HS,1,2
R_2Va2TPqQEM8vN08,NC,Verwijderen,HS,1,3
R_2Va2TPqQEM8vN08,NC,Verwijderen,HS,1,4
R_2Va2TPqQEM8vN08,NC,Verwijderen,HS,1,5
R_2Va2TPqQEM8vN08,NC,Schop,HS,1,1
R_2Va2TPqQEM8vN08,NC,Schop,HS,0,2
R_2Va2TPqQEM8vN08,NC,Schop,HS,0,3
R_2Va2TPqQEM8vN08,NC,Schop,HS,1,4
R_2Va2TPqQEM8vN08,NC,Schop,HS,1,5
R_2Va2TPqQEM8vN08,NC,Slaan,HS,0,1
R_2Va2TPqQEM8vN08,NC,Slaan,HS,0,2
R_2Va2TPqQEM8vN08,NC,Slaan,HS,1,3
R_2Va2TPqQEM8vN08,NC,Slaan,HS,1,4
R_2Va2TPqQEM8vN08,NC,Slaan,HS,1,5
R_2Va2TPqQEM8vN08,NC,Rijstcake,HS,1,1
R_2Va2TPqQEM8vN08,NC,Rijstcake,HS,1,2
R_2Va2TPqQEM8vN08,NC,Rijstcake,HS,1,3
R_2Va2TPqQEM8vN08,NC,Rijstcake,HS,1,4
R_2Va2TPqQEM8vN08,NC,Rijstcake,HS,1,5
R_2Va2TPqQEM8vN08,NC,Uitzetten,HS,1,1
R_2Va2TPqQEM8vN08,NC,Uitzetten,HS,0,2
R_2Va2TPqQEM8vN08,NC,Uitzetten,HS,1,3
R_2Va2TPqQEM8vN08,NC,Uitzetten,HS,1,4
R_2Va2TPqQEM8vN08,NC,Uitzetten,HS,1,5
R_2Va2TPqQEM8vN08,NC,Kin,HS,0,1
R_2Va2TPqQEM8vN08,NC,Kin,HS,1,2
R_2Va2TPqQEM8vN08,NC,Kin,HS,1,3
R_2Va2TPqQEM8vN08,NC,Kin,HS,1,4
R_2Va2TPqQEM8vN08,NC,Kin,HS,1,5
R_2Va2TPqQEM8vN08,NC,Groot,HS,1,1
R_2Va2TPqQEM8vN08,NC,Groot,HS,1,2
R_2Va2TPqQEM8vN08,NC,Groot,HS,1,3
R_2Va2TPqQEM8vN08,NC,Groot,HS,1,4
R_2Va2TPqQEM8vN08,NC,Groot,HS,1,5
R_1QKpL866xGE5BYq,C,Studeren,NS,1,1
R_1QKpL866xGE5BYq,C,Studeren,NS,1,2
R_1QKpL866xGE5BYq,C,Studeren,NS,1,3
R_1QKpL866xGE5BYq,C,Studeren,NS,1,4
R_1QKpL866xGE5BYq,C,Studeren,NS,0,5
R_1QKpL866xGE5BYq,C,Stoel,NS,1,1
R_1QKpL866xGE5BYq,C,Stoel,NS,1,2
R_1QKpL866xGE5BYq,C,Stoel,NS,1,3
R_1QKpL866xGE5BYq,C,Stoel,NS,1,4
R_1QKpL866xGE5BYq,C,Stoel,NS,1,5
R_1QKpL866xGE5BYq,C,Varken,NS,1,1
R_1QKpL866xGE5BYq,C,Varken,NS,1,2
R_1QKpL866xGE5BYq,C,Varken,NS,1,3
R_1QKpL866xGE5BYq,C,Varken,NS,1,4
R_1QKpL866xGE5BYq,C,Varken,NS,1,5
R_1QKpL866xGE5BYq,C,Eten,NS,1,1
R_1QKpL866xGE5BYq,C,Eten,NS,1,2
R_1QKpL866xGE5BYq,C,Eten,NS,0,3
R_1QKpL866xGE5BYq,C,Eten,NS,1,4
R_1QKpL866xGE5BYq,C,Eten,NS,0,5
R_1QKpL866xGE5BYq,C,Fruit,NS,0,1
R_1QKpL866xGE5BYq,C,Fruit,NS,0,2
R_1QKpL866xGE5BYq,C,Fruit,NS,1,3
R_1QKpL866xGE5BYq,C,Fruit,NS,1,4
R_1QKpL866xGE5BYq,C,Fruit,NS,1,5
R_1QKpL866xGE5BYq,C,Stad,NS,1,1
R_1QKpL866xGE5BYq,C,Stad,NS,0,2
R_1QKpL866xGE5BYq,C,Stad,NS,1,3
R_1QKpL866xGE5BYq,C,Stad,NS,0,4
R_1QKpL866xGE5BYq,C,Stad,NS,0,5
R_1QKpL866xGE5BYq,C,Cafe,NS,1,1
R_1QKpL866xGE5BYq,C,Cafe,NS,1,2
R_1QKpL866xGE5BYq,C,Cafe,NS,1,3
R_1QKpL866xGE5BYq,C,Cafe,NS,1,4
R_1QKpL866xGE5BYq,C,Cafe,NS,1,5
R_1QKpL866xGE5BYq,C,Zomer,NS,1,1
R_1QKpL866xGE5BYq,C,Zomer,NS,1,2
R_1QKpL866xGE5BYq,C,Zomer,NS,1,3
R_1QKpL866xGE5BYq,C,Zomer,NS,0,4
R_1QKpL866xGE5BYq,C,Zomer,NS,1,5
R_1QKpL866xGE5BYq,C,Kopen,MS,1,1
R_1QKpL866xGE5BYq,C,Kopen,MS,0,2
R_1QKpL866xGE5BYq,C,Kopen,MS,1,3
R_1QKpL866xGE5BYq,C,Kopen,MS,0,4
R_1QKpL866xGE5BYq,C,Kopen,MS,0,5
R_1QKpL866xGE5BYq,C,Goedkoop,MS,1,1
R_1QKpL866xGE5BYq,C,Goedkoop,MS,0,2
R_1QKpL866xGE5BYq,C,Goedkoop,MS,1,3
R_1QKpL866xGE5BYq,C,Goedkoop,MS,0,4
R_1QKpL866xGE5BYq,C,Goedkoop,MS,0,5
R_1QKpL866xGE5BYq,C,Maand,MS,1,1
R_1QKpL866xGE5BYq,C,Maand,MS,0,2
R_1QKpL866xGE5BYq,C,Maand,MS,0,3
R_1QKpL866xGE5BYq,C,Maand,MS,1,4
R_1QKpL866xGE5BYq,C,Maand,MS,0,5
R_1QKpL866xGE5BYq,C,Dochter,MS,1,1
R_1QKpL866xGE5BYq,C,Dochter,MS,0,2
R_1QKpL866xGE5BYq,C,Dochter,MS,1,3
R_1QKpL866xGE5BYq,C,Dochter,MS,0,4
R_1QKpL866xGE5BYq,C,Dochter,MS,1,5
R_1QKpL866xGE5BYq,C,Kamer,MS,0,1
R_1QKpL866xGE5BYq,C,Kamer,MS,0,2
R_1QKpL866xGE5BYq,C,Kamer,MS,1,3
R_1QKpL866xGE5BYq,C,Kamer,MS,1,4
R_1QKpL866xGE5BYq,C,Kamer,MS,1,5
R_1QKpL866xGE5BYq,C,Brood,MS,0,1
R_1QKpL866xGE5BYq,C,Brood,MS,0,2
R_1QKpL866xGE5BYq,C,Brood,MS,1,3
R_1QKpL866xGE5BYq,C,Brood,MS,1,4
R_1QKpL866xGE5BYq,C,Brood,MS,1,5
R_1QKpL866xGE5BYq,C,Oost,MS,1,1
R_1QKpL866xGE5BYq,C,Oost,MS,0,2
R_1QKpL866xGE5BYq,C,Oost,MS,0,3
R_1QKpL866xGE5BYq,C,Oost,MS,1,4
R_1QKpL866xGE5BYq,C,Oost,MS,0,5
R_1QKpL866xGE5BYq,C,Poep,MS,1,1
R_1QKpL866xGE5BYq,C,Poep,MS,1,2
R_1QKpL866xGE5BYq,C,Poep,MS,1,3
R_1QKpL866xGE5BYq,C,Poep,MS,0,4
R_1QKpL866xGE5BYq,C,Poep,MS,0,5
R_1QKpL866xGE5BYq,C,Zout,HS,0,1
R_1QKpL866xGE5BYq,C,Zout,HS,1,2
R_1QKpL866xGE5BYq,C,Zout,HS,1,3
R_1QKpL866xGE5BYq,C,Zout,HS,0,4
R_1QKpL866xGE5BYq,C,Zout,HS,1,5
R_1QKpL866xGE5BYq,C,Schop,HS,0,1
R_1QKpL866xGE5BYq,C,Schop,HS,0,2
R_1QKpL866xGE5BYq,C,Schop,HS,1,3
R_1QKpL866xGE5BYq,C,Schop,HS,0,4
R_1QKpL866xGE5BYq,C,Schop,HS,0,5
R_1QKpL866xGE5BYq,C,Verwijderen,HS,0,1
R_1QKpL866xGE5BYq,C,Verwijderen,HS,0,2
R_1QKpL866xGE5BYq,C,Verwijderen,HS,1,3
R_1QKpL866xGE5BYq,C,Verwijderen,HS,0,4
R_1QKpL866xGE5BYq,C,Verwijderen,HS,1,5
R_1QKpL866xGE5BYq,C,Slaan,HS,0,1
R_1QKpL866xGE5BYq,C,Slaan,HS,1,2
R_1QKpL866xGE5BYq,C,Slaan,HS,0,3
R_1QKpL866xGE5BYq,C,Slaan,HS,1,4
R_1QKpL866xGE5BYq,C,Slaan,HS,1,5
R_1QKpL866xGE5BYq,C,Rijstcake,HS,1,1
R_1QKpL866xGE5BYq,C,Rijstcake,HS,0,2
R_1QKpL866xGE5BYq,C,Rijstcake,HS,1,3
R_1QKpL866xGE5BYq,C,Rijstcake,HS,1,4
R_1QKpL866xGE5BYq,C,Rijstcake,HS,0,5
R_1QKpL866xGE5BYq,C,Kin,HS,1,1
R_1QKpL866xGE5BYq,C,Kin,HS,1,2
R_1QKpL866xGE5BYq,C,Kin,HS,1,3
R_1QKpL866xGE5BYq,C,Kin,HS,1,4
R_1QKpL866xGE5BYq,C,Kin,HS,1,5
R_1QKpL866xGE5BYq,C,Uitzetten,HS,0,1
R_1QKpL866xGE5BYq,C,Uitzetten,HS,0,2
R_1QKpL866xGE5BYq,C,Uitzetten,HS,0,3
R_1QKpL866xGE5BYq,C,Uitzetten,HS,0,4
R_1QKpL866xGE5BYq,C,Uitzetten,HS,1,5
R_1QKpL866xGE5BYq,C,Groot,HS,1,1
R_1QKpL866xGE5BYq,C,Groot,HS,0,2
R_1QKpL866xGE5BYq,C,Groot,HS,0,3
R_1QKpL866xGE5BYq,C,Groot,HS,0,4
R_1QKpL866xGE5BYq,C,Groot,HS,1,5
R_22KRUCOatot6Oom,NC,Studeren,NS,1,1
R_22KRUCOatot6Oom,NC,Studeren,NS,1,2
R_22KRUCOatot6Oom,NC,Studeren,NS,1,3
R_22KRUCOatot6Oom,NC,Studeren,NS,1,4
R_22KRUCOatot6Oom,NC,Studeren,NS,1,5
R_22KRUCOatot6Oom,NC,Stoel,NS,1,1
R_22KRUCOatot6Oom,NC,Stoel,NS,1,2
R_22KRUCOatot6Oom,NC,Stoel,NS,1,3
R_22KRUCOatot6Oom,NC,Stoel,NS,1,4
R_22KRUCOatot6Oom,NC,Stoel,NS,1,5
R_22KRUCOatot6Oom,NC,Varken,NS,0,1
R_22KRUCOatot6Oom,NC,Varken,NS,1,2
R_22KRUCOatot6Oom,NC,Varken,NS,1,3
R_22KRUCOatot6Oom,NC,Varken,NS,1,4
R_22KRUCOatot6Oom,NC,Varken,NS,1,5
R_22KRUCOatot6Oom,NC,Eten,NS,1,1
R_22KRUCOatot6Oom,NC,Eten,NS,0,2
R_22KRUCOatot6Oom,NC,Eten,NS,1,3
R_22KRUCOatot6Oom,NC,Eten,NS,1,4
R_22KRUCOatot6Oom,NC,Eten,NS,1,5
R_22KRUCOatot6Oom,NC,Fruit,NS,0,1
R_22KRUCOatot6Oom,NC,Fruit,NS,0,2
R_22KRUCOatot6Oom,NC,Fruit,NS,0,3
R_22KRUCOatot6Oom,NC,Fruit,NS,0,4
R_22KRUCOatot6Oom,NC,Fruit,NS,1,5
R_22KRUCOatot6Oom,NC,Stad,NS,0,1
R_22KRUCOatot6Oom,NC,Stad,NS,0,2
R_22KRUCOatot6Oom,NC,Stad,NS,1,3
R_22KRUCOatot6Oom,NC,Stad,NS,1,4
R_22KRUCOatot6Oom,NC,Stad,NS,0,5
R_22KRUCOatot6Oom,NC,Cafe,NS,1,1
R_22KRUCOatot6Oom,NC,Cafe,NS,1,2
R_22KRUCOatot6Oom,NC,Cafe,NS,1,3
R_22KRUCOatot6Oom,NC,Cafe,NS,1,4
R_22KRUCOatot6Oom,NC,Cafe,NS,1,5
R_22KRUCOatot6Oom,NC,Zomer,NS,1,1
R_22KRUCOatot6Oom,NC,Zomer,NS,1,2
R_22KRUCOatot6Oom,NC,Zomer,NS,1,3
R_22KRUCOatot6Oom,NC,Zomer,NS,1,4
R_22KRUCOatot6Oom,NC,Zomer,NS,1,5
R_22KRUCOatot6Oom,NC,Kopen,MS,1,1
R_22KRUCOatot6Oom,NC,Kopen,MS,0,2
R_22KRUCOatot6Oom,NC,Kopen,MS,0,3
R_22KRUCOatot6Oom,NC,Kopen,MS,0,4
R_22KRUCOatot6Oom,NC,Kopen,MS,1,5
R_22KRUCOatot6Oom,NC,Maand,MS,1,1
R_22KRUCOatot6Oom,NC,Maand,MS,0,2
R_22KRUCOatot6Oom,NC,Maand,MS,1,3
R_22KRUCOatot6Oom,NC,Maand,MS,1,4
R_22KRUCOatot6Oom,NC,Maand,MS,0,5
R_22KRUCOatot6Oom,NC,Goedkoop,MS,1,1
R_22KRUCOatot6Oom,NC,Goedkoop,MS,1,2
R_22KRUCOatot6Oom,NC,Goedkoop,MS,1,3
R_22KRUCOatot6Oom,NC,Goedkoop,MS,0,4
R_22KRUCOatot6Oom,NC,Goedkoop,MS,1,5
R_22KRUCOatot6Oom,NC,Dochter,MS,0,1
R_22KRUCOatot6Oom,NC,Dochter,MS,0,2
R_22KRUCOatot6Oom,NC,Dochter,MS,1,3
R_22KRUCOatot6Oom,NC,Dochter,MS,1,4
R_22KRUCOatot6Oom,NC,Dochter,MS,1,5
R_22KRUCOatot6Oom,NC,Kamer,MS,1,1
R_22KRUCOatot6Oom,NC,Kamer,MS,1,2
R_22KRUCOatot6Oom,NC,Kamer,MS,1,3
R_22KRUCOatot6Oom,NC,Kamer,MS,0,4
R_22KRUCOatot6Oom,NC,Kamer,MS,0,5
R_22KRUCOatot6Oom,NC,Oost,MS,0,1
R_22KRUCOatot6Oom,NC,Oost,MS,0,2
R_22KRUCOatot6Oom,NC,Oost,MS,1,3
R_22KRUCOatot6Oom,NC,Oost,MS,1,4
R_22KRUCOatot6Oom,NC,Oost,MS,0,5
R_22KRUCOatot6Oom,NC,Brood,MS,1,1
R_22KRUCOatot6Oom,NC,Brood,MS,1,2
R_22KRUCOatot6Oom,NC,Brood,MS,0,3
R_22KRUCOatot6Oom,NC,Brood,MS,0,4
R_22KRUCOatot6Oom,NC,Brood,MS,1,5
R_22KRUCOatot6Oom,NC,Poep,MS,0,1
R_22KRUCOatot6Oom,NC,Poep,MS,1,2
R_22KRUCOatot6Oom,NC,Poep,MS,1,3
R_22KRUCOatot6Oom,NC,Poep,MS,0,4
R_22KRUCOatot6Oom,NC,Poep,MS,1,5
R_22KRUCOatot6Oom,NC,Zout,HS,0,1
R_22KRUCOatot6Oom,NC,Zout,HS,0,2
R_22KRUCOatot6Oom,NC,Zout,HS,1,3
R_22KRUCOatot6Oom,NC,Zout,HS,0,4
R_22KRUCOatot6Oom,NC,Zout,HS,0,5
R_22KRUCOatot6Oom,NC,Verwijderen,HS,0,1
R_22KRUCOatot6Oom,NC,Verwijderen,HS,1,2
R_22KRUCOatot6Oom,NC,Verwijderen,HS,1,3
R_22KRUCOatot6Oom,NC,Verwijderen,HS,0,4
R_22KRUCOatot6Oom,NC,Verwijderen,HS,1,5
R_22KRUCOatot6Oom,NC,Schop,HS,0,1
R_22KRUCOatot6Oom,NC,Schop,HS,0,2
R_22KRUCOatot6Oom,NC,Schop,HS,1,3
R_22KRUCOatot6Oom,NC,Schop,HS,0,4
R_22KRUCOatot6Oom,NC,Schop,HS,1,5
R_22KRUCOatot6Oom,NC,Slaan,HS,1,1
R_22KRUCOatot6Oom,NC,Slaan,HS,0,2
R_22KRUCOatot6Oom,NC,Slaan,HS,1,3
R_22KRUCOatot6Oom,NC,Slaan,HS,0,4
R_22KRUCOatot6Oom,NC,Slaan,HS,0,5
R_22KRUCOatot6Oom,NC,Rijstcake,HS,1,1
R_22KRUCOatot6Oom,NC,Rijstcake,HS,0,2
R_22KRUCOatot6Oom,NC,Rijstcake,HS,1,3
R_22KRUCOatot6Oom,NC,Rijstcake,HS,1,4
R_22KRUCOatot6Oom,NC,Rijstcake,HS,0,5
R_22KRUCOatot6Oom,NC,Uitzetten,HS,0,1
R_22KRUCOatot6Oom,NC,Uitzetten,HS,0,2
R_22KRUCOatot6Oom,NC,Uitzetten,HS,1,3
R_22KRUCOatot6Oom,NC,Uitzetten,HS,0,4
R_22KRUCOatot6Oom,NC,Uitzetten,HS,0,5
R_22KRUCOatot6Oom,NC,Kin,HS,1,1
R_22KRUCOatot6Oom,NC,Kin,HS,0,2
R_22KRUCOatot6Oom,NC,Kin,HS,0,3
R_22KRUCOatot6Oom,NC,Kin,HS,0,4
R_22KRUCOatot6Oom,NC,Kin,HS,1,5
R_22KRUCOatot6Oom,NC,Groot,HS,0,1
R_22KRUCOatot6Oom,NC,Groot,HS,1,2
R_22KRUCOatot6Oom,NC,Groot,HS,0,3
R_22KRUCOatot6Oom,NC,Groot,HS,1,4
R_22KRUCOatot6Oom,NC,Groot,HS,1,5
R_3kp5r1FfYSwgroH,C,Studeren,NS,1,1
R_3kp5r1FfYSwgroH,C,Studeren,NS,0,2
R_3kp5r1FfYSwgroH,C,Studeren,NS,1,3
R_3kp5r1FfYSwgroH,C,Studeren,NS,1,4
R_3kp5r1FfYSwgroH,C,Studeren,NS,1,5
R_3kp5r1FfYSwgroH,C,Stoel,NS,0,1
R_3kp5r1FfYSwgroH,C,Stoel,NS,0,2
R_3kp5r1FfYSwgroH,C,Stoel,NS,0,3
R_3kp5r1FfYSwgroH,C,Stoel,NS,1,4
R_3kp5r1FfYSwgroH,C,Stoel,NS,1,5
R_3kp5r1FfYSwgroH,C,Varken,NS,1,1
R_3kp5r1FfYSwgroH,C,Varken,NS,1,2
R_3kp5r1FfYSwgroH,C,Varken,NS,1,3
R_3kp5r1FfYSwgroH,C,Varken,NS,1,4
R_3kp5r1FfYSwgroH,C,Varken,NS,1,5
R_3kp5r1FfYSwgroH,C,Eten,NS,1,1
R_3kp5r1FfYSwgroH,C,Eten,NS,1,2
R_3kp5r1FfYSwgroH,C,Eten,NS,1,3
R_3kp5r1FfYSwgroH,C,Eten,NS,1,4
R_3kp5r1FfYSwgroH,C,Eten,NS,1,5
R_3kp5r1FfYSwgroH,C,Fruit,NS,1,1
R_3kp5r1FfYSwgroH,C,Fruit,NS,1,2
R_3kp5r1FfYSwgroH,C,Fruit,NS,1,3
R_3kp5r1FfYSwgroH,C,Fruit,NS,1,4
R_3kp5r1FfYSwgroH,C,Fruit,NS,1,5
R_3kp5r1FfYSwgroH,C,Stad,NS,1,1
R_3kp5r1FfYSwgroH,C,Stad,NS,1,2
R_3kp5r1FfYSwgroH,C,Stad,NS,1,3
R_3kp5r1FfYSwgroH,C,Stad,NS,1,4
R_3kp5r1FfYSwgroH,C,Stad,NS,1,5
R_3kp5r1FfYSwgroH,C,Cafe,NS,1,1
R_3kp5r1FfYSwgroH,C,Cafe,NS,1,2
R_3kp5r1FfYSwgroH,C,Cafe,NS,1,3
R_3kp5r1FfYSwgroH,C,Cafe,NS,1,4
R_3kp5r1FfYSwgroH,C,Cafe,NS,1,5
R_3kp5r1FfYSwgroH,C,Zomer,NS,1,1
R_3kp5r1FfYSwgroH,C,Zomer,NS,1,2
R_3kp5r1FfYSwgroH,C,Zomer,NS,1,3
R_3kp5r1FfYSwgroH,C,Zomer,NS,1,4
R_3kp5r1FfYSwgroH,C,Zomer,NS,1,5
R_3kp5r1FfYSwgroH,C,Kopen,MS,1,1
R_3kp5r1FfYSwgroH,C,Kopen,MS,1,2
R_3kp5r1FfYSwgroH,C,Kopen,MS,1,3
R_3kp5r1FfYSwgroH,C,Kopen,MS,1,4
R_3kp5r1FfYSwgroH,C,Kopen,MS,1,5
R_3kp5r1FfYSwgroH,C,Goedkoop,MS,0,1
R_3kp5r1FfYSwgroH,C,Goedkoop,MS,1,2
R_3kp5r1FfYSwgroH,C,Goedkoop,MS,1,3
R_3kp5r1FfYSwgroH,C,Goedkoop,MS,1,4
R_3kp5r1FfYSwgroH,C,Goedkoop,MS,1,5
R_3kp5r1FfYSwgroH,C,Maand,MS,1,1
R_3kp5r1FfYSwgroH,C,Maand,MS,0,2
R_3kp5r1FfYSwgroH,C,Maand,MS,1,3
R_3kp5r1FfYSwgroH,C,Maand,MS,0,4
R_3kp5r1FfYSwgroH,C,Maand,MS,0,5
R_3kp5r1FfYSwgroH,C,Dochter,MS,1,1
R_3kp5r1FfYSwgroH,C,Dochter,MS,0,2
R_3kp5r1FfYSwgroH,C,Dochter,MS,0,3
R_3kp5r1FfYSwgroH,C,Dochter,MS,0,4
R_3kp5r1FfYSwgroH,C,Dochter,MS,1,5
R_3kp5r1FfYSwgroH,C,Kamer,MS,0,1
R_3kp5r1FfYSwgroH,C,Kamer,MS,1,2
R_3kp5r1FfYSwgroH,C,Kamer,MS,0,3
R_3kp5r1FfYSwgroH,C,Kamer,MS,1,4
R_3kp5r1FfYSwgroH,C,Kamer,MS,0,5
R_3kp5r1FfYSwgroH,C,Brood,MS,0,1
R_3kp5r1FfYSwgroH,C,Brood,MS,1,2
R_3kp5r1FfYSwgroH,C,Brood,MS,0,3
R_3kp5r1FfYSwgroH,C,Brood,MS,0,4
R_3kp5r1FfYSwgroH,C,Brood,MS,1,5
R_3kp5r1FfYSwgroH,C,Oost,MS,0,1
R_3kp5r1FfYSwgroH,C,Oost,MS,1,2
R_3kp5r1FfYSwgroH,C,Oost,MS,1,3
R_3kp5r1FfYSwgroH,C,Oost,MS,1,4
R_3kp5r1FfYSwgroH,C,Oost,MS,0,5
R_3kp5r1FfYSwgroH,C,Poep,MS,1,1
R_3kp5r1FfYSwgroH,C,Poep,MS,0,2
R_3kp5r1FfYSwgroH,C,Poep,MS,0,3
R_3kp5r1FfYSwgroH,C,Poep,MS,0,4
R_3kp5r1FfYSwgroH,C,Poep,MS,0,5
R_3kp5r1FfYSwgroH,C,Zout,HS,1,1
R_3kp5r1FfYSwgroH,C,Zout,HS,1,2
R_3kp5r1FfYSwgroH,C,Zout,HS,1,3
R_3kp5r1FfYSwgroH,C,Zout,HS,1,4
R_3kp5r1FfYSwgroH,C,Zout,HS,0,5
R_3kp5r1FfYSwgroH,C,Schop,HS,1,1
R_3kp5r1FfYSwgroH,C,Schop,HS,1,2
R_3kp5r1FfYSwgroH,C,Schop,HS,1,3
R_3kp5r1FfYSwgroH,C,Schop,HS,1,4
R_3kp5r1FfYSwgroH,C,Schop,HS,0,5
R_3kp5r1FfYSwgroH,C,Verwijderen,HS,1,1
R_3kp5r1FfYSwgroH,C,Verwijderen,HS,1,2
R_3kp5r1FfYSwgroH,C,Verwijderen,HS,1,3
R_3kp5r1FfYSwgroH,C,Verwijderen,HS,1,4
R_3kp5r1FfYSwgroH,C,Verwijderen,HS,0,5
R_3kp5r1FfYSwgroH,C,Slaan,HS,0,1
R_3kp5r1FfYSwgroH,C,Slaan,HS,0,2
R_3kp5r1FfYSwgroH,C,Slaan,HS,1,3
R_3kp5r1FfYSwgroH,C,Slaan,HS,0,4
R_3kp5r1FfYSwgroH,C,Slaan,HS,0,5
R_3kp5r1FfYSwgroH,C,Rijstcake,HS,0,1
R_3kp5r1FfYSwgroH,C,Rijstcake,HS,0,2
R_3kp5r1FfYSwgroH,C,Rijstcake,HS,0,3
R_3kp5r1FfYSwgroH,C,Rijstcake,HS,1,4
R_3kp5r1FfYSwgroH,C,Rijstcake,HS,1,5
R_3kp5r1FfYSwgroH,C,Kin,HS,1,1
R_3kp5r1FfYSwgroH,C,Kin,HS,0,2
R_3kp5r1FfYSwgroH,C,Kin,HS,0,3
R_3kp5r1FfYSwgroH,C,Kin,HS,1,4
R_3kp5r1FfYSwgroH,C,Kin,HS,0,5
R_3kp5r1FfYSwgroH,C,Uitzetten,HS,1,1
R_3kp5r1FfYSwgroH,C,Uitzetten,HS,1,2
R_3kp5r1FfYSwgroH,C,Uitzetten,HS,1,3
R_3kp5r1FfYSwgroH,C,Uitzetten,HS,1,4
R_3kp5r1FfYSwgroH,C,Uitzetten,HS,1,5
R_3kp5r1FfYSwgroH,C,Groot,HS,1,1
R_3kp5r1FfYSwgroH,C,Groot,HS,1,2
R_3kp5r1FfYSwgroH,C,Groot,HS,1,3
R_3kp5r1FfYSwgroH,C,Groot,HS,1,4
R_3kp5r1FfYSwgroH,C,Groot,HS,1,5
R_8BRG6lpt78qHFq9,NC,Studeren,NS,1,1
R_8BRG6lpt78qHFq9,NC,Studeren,NS,0,2
R_8BRG6lpt78qHFq9,NC,Studeren,NS,0,3
R_8BRG6lpt78qHFq9,NC,Studeren,NS,0,4
R_8BRG6lpt78qHFq9,NC,Studeren,NS,0,5
R_8BRG6lpt78qHFq9,NC,Stoel,NS,0,1
R_8BRG6lpt78qHFq9,NC,Stoel,NS,0,2
R_8BRG6lpt78qHFq9,NC,Stoel,NS,1,3
R_8BRG6lpt78qHFq9,NC,Stoel,NS,0,4
R_8BRG6lpt78qHFq9,NC,Stoel,NS,0,5
R_8BRG6lpt78qHFq9,NC,Varken,NS,1,1
R_8BRG6lpt78qHFq9,NC,Varken,NS,1,2
R_8BRG6lpt78qHFq9,NC,Varken,NS,1,3
R_8BRG6lpt78qHFq9,NC,Varken,NS,1,4
R_8BRG6lpt78qHFq9,NC,Varken,NS,1,5
R_8BRG6lpt78qHFq9,NC,Eten,NS,1,1
R_8BRG6lpt78qHFq9,NC,Eten,NS,1,2
R_8BRG6lpt78qHFq9,NC,Eten,NS,1,3
R_8BRG6lpt78qHFq9,NC,Eten,NS,1,4
R_8BRG6lpt78qHFq9,NC,Eten,NS,1,5
R_8BRG6lpt78qHFq9,NC,Fruit,NS,0,1
R_8BRG6lpt78qHFq9,NC,Fruit,NS,0,2
R_8BRG6lpt78qHFq9,NC,Fruit,NS,1,3
R_8BRG6lpt78qHFq9,NC,Fruit,NS,1,4
R_8BRG6lpt78qHFq9,NC,Fruit,NS,1,5
R_8BRG6lpt78qHFq9,NC,Stad,NS,0,1
R_8BRG6lpt78qHFq9,NC,Stad,NS,0,2
R_8BRG6lpt78qHFq9,NC,Stad,NS,1,3
R_8BRG6lpt78qHFq9,NC,Stad,NS,1,4
R_8BRG6lpt78qHFq9,NC,Stad,NS,1,5
R_8BRG6lpt78qHFq9,NC,Cafe,NS,1,1
R_8BRG6lpt78qHFq9,NC,Cafe,NS,1,2
R_8BRG6lpt78qHFq9,NC,Cafe,NS,1,3
R_8BRG6lpt78qHFq9,NC,Cafe,NS,1,4
R_8BRG6lpt78qHFq9,NC,Cafe,NS,1,5
R_8BRG6lpt78qHFq9,NC,Zomer,NS,1,1
R_8BRG6lpt78qHFq9,NC,Zomer,NS,1,2
R_8BRG6lpt78qHFq9,NC,Zomer,NS,0,3
R_8BRG6lpt78qHFq9,NC,Zomer,NS,1,4
R_8BRG6lpt78qHFq9,NC,Zomer,NS,1,5
R_8BRG6lpt78qHFq9,NC,Kopen,MS,0,1
R_8BRG6lpt78qHFq9,NC,Kopen,MS,1,2
R_8BRG6lpt78qHFq9,NC,Kopen,MS,0,3
R_8BRG6lpt78qHFq9,NC,Kopen,MS,1,4
R_8BRG6lpt78qHFq9,NC,Kopen,MS,1,5
R_8BRG6lpt78qHFq9,NC,Maand,MS,1,1
R_8BRG6lpt78qHFq9,NC,Maand,MS,1,2
R_8BRG6lpt78qHFq9,NC,Maand,MS,1,3
R_8BRG6lpt78qHFq9,NC,Maand,MS,1,4
R_8BRG6lpt78qHFq9,NC,Maand,MS,1,5
R_8BRG6lpt78qHFq9,NC,Goedkoop,MS,0,1
R_8BRG6lpt78qHFq9,NC,Goedkoop,MS,1,2
R_8BRG6lpt78qHFq9,NC,Goedkoop,MS,1,3
R_8BRG6lpt78qHFq9,NC,Goedkoop,MS,1,4
R_8BRG6lpt78qHFq9,NC,Goedkoop,MS,1,5
R_8BRG6lpt78qHFq9,NC,Dochter,MS,1,1
R_8BRG6lpt78qHFq9,NC,Dochter,MS,0,2
R_8BRG6lpt78qHFq9,NC,Dochter,MS,0,3
R_8BRG6lpt78qHFq9,NC,Dochter,MS,1,4
R_8BRG6lpt78qHFq9,NC,Dochter,MS,1,5
R_8BRG6lpt78qHFq9,NC,Kamer,MS,0,1
R_8BRG6lpt78qHFq9,NC,Kamer,MS,1,2
R_8BRG6lpt78qHFq9,NC,Kamer,MS,1,3
R_8BRG6lpt78qHFq9,NC,Kamer,MS,1,4
R_8BRG6lpt78qHFq9,NC,Kamer,MS,1,5
R_8BRG6lpt78qHFq9,NC,Oost,MS,1,1
R_8BRG6lpt78qHFq9,NC,Oost,MS,1,2
R_8BRG6lpt78qHFq9,NC,Oost,MS,1,3
R_8BRG6lpt78qHFq9,NC,Oost,MS,1,4
R_8BRG6lpt78qHFq9,NC,Oost,MS,1,5
R_8BRG6lpt78qHFq9,NC,Brood,MS,1,1
R_8BRG6lpt78qHFq9,NC,Brood,MS,1,2
R_8BRG6lpt78qHFq9,NC,Brood,MS,1,3
R_8BRG6lpt78qHFq9,NC,Brood,MS,1,4
R_8BRG6lpt78qHFq9,NC,Brood,MS,1,5
R_8BRG6lpt78qHFq9,NC,Poep,MS,0,1
R_8BRG6lpt78qHFq9,NC,Poep,MS,0,2
R_8BRG6lpt78qHFq9,NC,Poep,MS,0,3
R_8BRG6lpt78qHFq9,NC,Poep,MS,1,4
R_8BRG6lpt78qHFq9,NC,Poep,MS,1,5
R_8BRG6lpt78qHFq9,NC,Zout,HS,1,1
R_8BRG6lpt78qHFq9,NC,Zout,HS,1,2
R_8BRG6lpt78qHFq9,NC,Zout,HS,1,3
R_8BRG6lpt78qHFq9,NC,Zout,HS,1,4
R_8BRG6lpt78qHFq9,NC,Zout,HS,1,5
R_8BRG6lpt78qHFq9,NC,Verwijderen,HS,0,1
R_8BRG6lpt78qHFq9,NC,Verwijderen,HS,1,2
R_8BRG6lpt78qHFq9,NC,Verwijderen,HS,1,3
R_8BRG6lpt78qHFq9,NC,Verwijderen,HS,1,4
R_8BRG6lpt78qHFq9,NC,Verwijderen,HS,1,5
R_8BRG6lpt78qHFq9,NC,Schop,HS,0,1
R_8BRG6lpt78qHFq9,NC,Schop,HS,0,2
R_8BRG6lpt78qHFq9,NC,Schop,HS,0,3
R_8BRG6lpt78qHFq9,NC,Schop,HS,1,4
R_8BRG6lpt78qHFq9,NC,Schop,HS,1,5
R_8BRG6lpt78qHFq9,NC,Slaan,HS,0,1
R_8BRG6lpt78qHFq9,NC,Slaan,HS,1,2
R_8BRG6lpt78qHFq9,NC,Slaan,HS,1,3
R_8BRG6lpt78qHFq9,NC,Slaan,HS,1,4
R_8BRG6lpt78qHFq9,NC,Slaan,HS,1,5
R_8BRG6lpt78qHFq9,NC,Rijstcake,HS,0,1
R_8BRG6lpt78qHFq9,NC,Rijstcake,HS,0,2
R_8BRG6lpt78qHFq9,NC,Rijstcake,HS,1,3
R_8BRG6lpt78qHFq9,NC,Rijstcake,HS,0,4
R_8BRG6lpt78qHFq9,NC,Rijstcake,HS,1,5
R_8BRG6lpt78qHFq9,NC,Uitzetten,HS,1,1
R_8BRG6lpt78qHFq9,NC,Uitzetten,HS,0,2
R_8BRG6lpt78qHFq9,NC,Uitzetten,HS,1,3
R_8BRG6lpt78qHFq9,NC,Uitzetten,HS,1,4
R_8BRG6lpt78qHFq9,NC,Uitzetten,HS,1,5
R_8BRG6lpt78qHFq9,NC,Kin,HS,1,1
R_8BRG6lpt78qHFq9,NC,Kin,HS,0,2
R_8BRG6lpt78qHFq9,NC,Kin,HS,0,3
R_8BRG6lpt78qHFq9,NC,Kin,HS,1,4
R_8BRG6lpt78qHFq9,NC,Kin,HS,1,5
R_8BRG6lpt78qHFq9,NC,Groot,HS,1,1
R_8BRG6lpt78qHFq9,NC,Groot,HS,1,2
R_8BRG6lpt78qHFq9,NC,Groot,HS,1,3
R_8BRG6lpt78qHFq9,NC,Groot,HS,1,4
R_8BRG6lpt78qHFq9,NC,Groot,HS,1,5
R_2PojWn7NLuGJQf1,NC,Studeren,NS,1,1
R_2PojWn7NLuGJQf1,NC,Studeren,NS,1,2
R_2PojWn7NLuGJQf1,NC,Studeren,NS,1,3
R_2PojWn7NLuGJQf1,NC,Studeren,NS,1,4
R_2PojWn7NLuGJQf1,NC,Studeren,NS,1,5
R_2PojWn7NLuGJQf1,NC,Stoel,NS,1,1
R_2PojWn7NLuGJQf1,NC,Stoel,NS,1,2
R_2PojWn7NLuGJQf1,NC,Stoel,NS,1,3
R_2PojWn7NLuGJQf1,NC,Stoel,NS,1,4
R_2PojWn7NLuGJQf1,NC,Stoel,NS,1,5
R_2PojWn7NLuGJQf1,NC,Varken,NS,1,1
R_2PojWn7NLuGJQf1,NC,Varken,NS,1,2
R_2PojWn7NLuGJQf1,NC,Varken,NS,1,3
R_2PojWn7NLuGJQf1,NC,Varken,NS,1,4
R_2PojWn7NLuGJQf1,NC,Varken,NS,1,5
R_2PojWn7NLuGJQf1,NC,Eten,NS,1,1
R_2PojWn7NLuGJQf1,NC,Eten,NS,1,2
R_2PojWn7NLuGJQf1,NC,Eten,NS,1,3
R_2PojWn7NLuGJQf1,NC,Eten,NS,1,4
R_2PojWn7NLuGJQf1,NC,Eten,NS,1,5
R_2PojWn7NLuGJQf1,NC,Fruit,NS,1,1
R_2PojWn7NLuGJQf1,NC,Fruit,NS,1,2
R_2PojWn7NLuGJQf1,NC,Fruit,NS,1,3
R_2PojWn7NLuGJQf1,NC,Fruit,NS,1,4
R_2PojWn7NLuGJQf1,NC,Fruit,NS,1,5
R_2PojWn7NLuGJQf1,NC,Stad,NS,1,1
R_2PojWn7NLuGJQf1,NC,Stad,NS,1,2
R_2PojWn7NLuGJQf1,NC,Stad,NS,1,3
R_2PojWn7NLuGJQf1,NC,Stad,NS,1,4
R_2PojWn7NLuGJQf1,NC,Stad,NS,0,5
R_2PojWn7NLuGJQf1,NC,Cafe,NS,1,1
R_2PojWn7NLuGJQf1,NC,Cafe,NS,1,2
R_2PojWn7NLuGJQf1,NC,Cafe,NS,1,3
R_2PojWn7NLuGJQf1,NC,Cafe,NS,1,4
R_2PojWn7NLuGJQf1,NC,Cafe,NS,1,5
R_2PojWn7NLuGJQf1,NC,Zomer,NS,1,1
R_2PojWn7NLuGJQf1,NC,Zomer,NS,1,2
R_2PojWn7NLuGJQf1,NC,Zomer,NS,1,3
R_2PojWn7NLuGJQf1,NC,Zomer,NS,1,4
R_2PojWn7NLuGJQf1,NC,Zomer,NS,1,5
R_2PojWn7NLuGJQf1,NC,Kopen,MS,1,1
R_2PojWn7NLuGJQf1,NC,Kopen,MS,1,2
R_2PojWn7NLuGJQf1,NC,Kopen,MS,1,3
R_2PojWn7NLuGJQf1,NC,Kopen,MS,1,4
R_2PojWn7NLuGJQf1,NC,Kopen,MS,1,5
R_2PojWn7NLuGJQf1,NC,Maand,MS,1,1
R_2PojWn7NLuGJQf1,NC,Maand,MS,1,2
R_2PojWn7NLuGJQf1,NC,Maand,MS,1,3
R_2PojWn7NLuGJQf1,NC,Maand,MS,1,4
R_2PojWn7NLuGJQf1,NC,Maand,MS,1,5
R_2PojWn7NLuGJQf1,NC,Goedkoop,MS,1,1
R_2PojWn7NLuGJQf1,NC,Goedkoop,MS,0,2
R_2PojWn7NLuGJQf1,NC,Goedkoop,MS,1,3
R_2PojWn7NLuGJQf1,NC,Goedkoop,MS,1,4
R_2PojWn7NLuGJQf1,NC,Goedkoop,MS,1,5
R_2PojWn7NLuGJQf1,NC,Dochter,MS,0,1
R_2PojWn7NLuGJQf1,NC,Dochter,MS,0,2
R_2PojWn7NLuGJQf1,NC,Dochter,MS,0,3
R_2PojWn7NLuGJQf1,NC,Dochter,MS,1,4
R_2PojWn7NLuGJQf1,NC,Dochter,MS,1,5
R_2PojWn7NLuGJQf1,NC,Kamer,MS,0,1
R_2PojWn7NLuGJQf1,NC,Kamer,MS,1,2
R_2PojWn7NLuGJQf1,NC,Kamer,MS,1,3
R_2PojWn7NLuGJQf1,NC,Kamer,MS,1,4
R_2PojWn7NLuGJQf1,NC,Kamer,MS,1,5
R_2PojWn7NLuGJQf1,NC,Oost,MS,1,1
R_2PojWn7NLuGJQf1,NC,Oost,MS,1,2
R_2PojWn7NLuGJQf1,NC,Oost,MS,1,3
R_2PojWn7NLuGJQf1,NC,Oost,MS,1,4
R_2PojWn7NLuGJQf1,NC,Oost,MS,1,5
R_2PojWn7NLuGJQf1,NC,Brood,MS,1,1
R_2PojWn7NLuGJQf1,NC,Brood,MS,1,2
R_2PojWn7NLuGJQf1,NC,Brood,MS,1,3
R_2PojWn7NLuGJQf1,NC,Brood,MS,1,4
R_2PojWn7NLuGJQf1,NC,Brood,MS,1,5
R_2PojWn7NLuGJQf1,NC,Poep,MS,0,1
R_2PojWn7NLuGJQf1,NC,Poep,MS,1,2
R_2PojWn7NLuGJQf1,NC,Poep,MS,1,3
R_2PojWn7NLuGJQf1,NC,Poep,MS,1,4
R_2PojWn7NLuGJQf1,NC,Poep,MS,1,5
R_2PojWn7NLuGJQf1,NC,Zout,HS,0,1
R_2PojWn7NLuGJQf1,NC,Zout,HS,1,2
R_2PojWn7NLuGJQf1,NC,Zout,HS,1,3
R_2PojWn7NLuGJQf1,NC,Zout,HS,1,4
R_2PojWn7NLuGJQf1,NC,Zout,HS,1,5
R_2PojWn7NLuGJQf1,NC,Verwijderen,HS,1,1
R_2PojWn7NLuGJQf1,NC,Verwijderen,HS,1,2
R_2PojWn7NLuGJQf1,NC,Verwijderen,HS,1,3
R_2PojWn7NLuGJQf1,NC,Verwijderen,HS,1,4
R_2PojWn7NLuGJQf1,NC,Verwijderen,HS,0,5
R_2PojWn7NLuGJQf1,NC,Schop,HS,1,1
R_2PojWn7NLuGJQf1,NC,Schop,HS,1,2
R_2PojWn7NLuGJQf1,NC,Schop,HS,0,3
R_2PojWn7NLuGJQf1,NC,Schop,HS,0,4
R_2PojWn7NLuGJQf1,NC,Schop,HS,1,5
R_2PojWn7NLuGJQf1,NC,Slaan,HS,0,1
R_2PojWn7NLuGJQf1,NC,Slaan,HS,1,2
R_2PojWn7NLuGJQf1,NC,Slaan,HS,1,3
R_2PojWn7NLuGJQf1,NC,Slaan,HS,1,4
R_2PojWn7NLuGJQf1,NC,Slaan,HS,0,5
R_2PojWn7NLuGJQf1,NC,Rijstcake,HS,1,1
R_2PojWn7NLuGJQf1,NC,Rijstcake,HS,1,2
R_2PojWn7NLuGJQf1,NC,Rijstcake,HS,1,3
R_2PojWn7NLuGJQf1,NC,Rijstcake,HS,1,4
R_2PojWn7NLuGJQf1,NC,Rijstcake,HS,1,5
R_2PojWn7NLuGJQf1,NC,Uitzetten,HS,0,1
R_2PojWn7NLuGJQf1,NC,Uitzetten,HS,1,2
R_2PojWn7NLuGJQf1,NC,Uitzetten,HS,1,3
R_2PojWn7NLuGJQf1,NC,Uitzetten,HS,1,4
R_2PojWn7NLuGJQf1,NC,Uitzetten,HS,1,5
R_2PojWn7NLuGJQf1,NC,Kin,HS,0,1
R_2PojWn7NLuGJQf1,NC,Kin,HS,0,2
R_2PojWn7NLuGJQf1,NC,Kin,HS,1,3
R_2PojWn7NLuGJQf1,NC,Kin,HS,1,4
R_2PojWn7NLuGJQf1,NC,Kin,HS,1,5
R_2PojWn7NLuGJQf1,NC,Groot,HS,0,1
R_2PojWn7NLuGJQf1,NC,Groot,HS,1,2
R_2PojWn7NLuGJQf1,NC,Groot,HS,1,3
R_2PojWn7NLuGJQf1,NC,Groot,HS,1,4
R_2PojWn7NLuGJQf1,NC,Groot,HS,1,5
R_2z6kvJIuUZCiHQ9,NC,Studeren,NS,0,1
R_2z6kvJIuUZCiHQ9,NC,Studeren,NS,1,2
R_2z6kvJIuUZCiHQ9,NC,Studeren,NS,1,3
R_2z6kvJIuUZCiHQ9,NC,Studeren,NS,1,4
R_2z6kvJIuUZCiHQ9,NC,Studeren,NS,1,5
R_2z6kvJIuUZCiHQ9,NC,Stoel,NS,1,1
R_2z6kvJIuUZCiHQ9,NC,Stoel,NS,1,2
R_2z6kvJIuUZCiHQ9,NC,Stoel,NS,1,3
R_2z6kvJIuUZCiHQ9,NC,Stoel,NS,1,4
R_2z6kvJIuUZCiHQ9,NC,Stoel,NS,1,5
R_2z6kvJIuUZCiHQ9,NC,Varken,NS,1,1
R_2z6kvJIuUZCiHQ9,NC,Varken,NS,1,2
R_2z6kvJIuUZCiHQ9,NC,Varken,NS,0,3
R_2z6kvJIuUZCiHQ9,NC,Varken,NS,1,4
R_2z6kvJIuUZCiHQ9,NC,Varken,NS,1,5
R_2z6kvJIuUZCiHQ9,NC,Eten,NS,1,1
R_2z6kvJIuUZCiHQ9,NC,Eten,NS,1,2
R_2z6kvJIuUZCiHQ9,NC,Eten,NS,1,3
R_2z6kvJIuUZCiHQ9,NC,Eten,NS,1,4
R_2z6kvJIuUZCiHQ9,NC,Eten,NS,1,5
R_2z6kvJIuUZCiHQ9,NC,Fruit,NS,0,1
R_2z6kvJIuUZCiHQ9,NC,Fruit,NS,1,2
R_2z6kvJIuUZCiHQ9,NC,Fruit,NS,1,3
R_2z6kvJIuUZCiHQ9,NC,Fruit,NS,1,4
R_2z6kvJIuUZCiHQ9,NC,Fruit,NS,1,5
R_2z6kvJIuUZCiHQ9,NC,Stad,NS,0,1
R_2z6kvJIuUZCiHQ9,NC,Stad,NS,1,2
R_2z6kvJIuUZCiHQ9,NC,Stad,NS,0,3
R_2z6kvJIuUZCiHQ9,NC,Stad,NS,1,4
R_2z6kvJIuUZCiHQ9,NC,Stad,NS,1,5
R_2z6kvJIuUZCiHQ9,NC,Cafe,NS,1,1
R_2z6kvJIuUZCiHQ9,NC,Cafe,NS,1,2
R_2z6kvJIuUZCiHQ9,NC,Cafe,NS,1,3
R_2z6kvJIuUZCiHQ9,NC,Cafe,NS,1,4
R_2z6kvJIuUZCiHQ9,NC,Cafe,NS,1,5
R_2z6kvJIuUZCiHQ9,NC,Zomer,NS,1,1
R_2z6kvJIuUZCiHQ9,NC,Zomer,NS,1,2
R_2z6kvJIuUZCiHQ9,NC,Zomer,NS,1,3
R_2z6kvJIuUZCiHQ9,NC,Zomer,NS,1,4
R_2z6kvJIuUZCiHQ9,NC,Zomer,NS,1,5
R_2z6kvJIuUZCiHQ9,NC,Kopen,MS,1,1
R_2z6kvJIuUZCiHQ9,NC,Kopen,MS,1,2
R_2z6kvJIuUZCiHQ9,NC,Kopen,MS,0,3
R_2z6kvJIuUZCiHQ9,NC,Kopen,MS,1,4
R_2z6kvJIuUZCiHQ9,NC,Kopen,MS,1,5
R_2z6kvJIuUZCiHQ9,NC,Maand,MS,1,1
R_2z6kvJIuUZCiHQ9,NC,Maand,MS,0,2
R_2z6kvJIuUZCiHQ9,NC,Maand,MS,0,3
R_2z6kvJIuUZCiHQ9,NC,Maand,MS,1,4
R_2z6kvJIuUZCiHQ9,NC,Maand,MS,1,5
R_2z6kvJIuUZCiHQ9,NC,Goedkoop,MS,0,1
R_2z6kvJIuUZCiHQ9,NC,Goedkoop,MS,0,2
R_2z6kvJIuUZCiHQ9,NC,Goedkoop,MS,1,3
R_2z6kvJIuUZCiHQ9,NC,Goedkoop,MS,1,4
R_2z6kvJIuUZCiHQ9,NC,Goedkoop,MS,1,5
R_2z6kvJIuUZCiHQ9,NC,Dochter,MS,1,1
R_2z6kvJIuUZCiHQ9,NC,Dochter,MS,1,2
R_2z6kvJIuUZCiHQ9,NC,Dochter,MS,0,3
R_2z6kvJIuUZCiHQ9,NC,Dochter,MS,1,4
R_2z6kvJIuUZCiHQ9,NC,Dochter,MS,1,5
R_2z6kvJIuUZCiHQ9,NC,Kamer,MS,0,1
R_2z6kvJIuUZCiHQ9,NC,Kamer,MS,0,2
R_2z6kvJIuUZCiHQ9,NC,Kamer,MS,1,3
R_2z6kvJIuUZCiHQ9,NC,Kamer,MS,1,4
R_2z6kvJIuUZCiHQ9,NC,Kamer,MS,1,5
R_2z6kvJIuUZCiHQ9,NC,Oost,MS,0,1
R_2z6kvJIuUZCiHQ9,NC,Oost,MS,0,2
R_2z6kvJIuUZCiHQ9,NC,Oost,MS,1,3
R_2z6kvJIuUZCiHQ9,NC,Oost,MS,0,4
R_2z6kvJIuUZCiHQ9,NC,Oost,MS,1,5
R_2z6kvJIuUZCiHQ9,NC,Brood,MS,1,1
R_2z6kvJIuUZCiHQ9,NC,Brood,MS,1,2
R_2z6kvJIuUZCiHQ9,NC,Brood,MS,1,3
R_2z6kvJIuUZCiHQ9,NC,Brood,MS,1,4
R_2z6kvJIuUZCiHQ9,NC,Brood,MS,1,5
R_2z6kvJIuUZCiHQ9,NC,Poep,MS,0,1
R_2z6kvJIuUZCiHQ9,NC,Poep,MS,0,2
R_2z6kvJIuUZCiHQ9,NC,Poep,MS,1,3
R_2z6kvJIuUZCiHQ9,NC,Poep,MS,1,4
R_2z6kvJIuUZCiHQ9,NC,Poep,MS,1,5
R_2z6kvJIuUZCiHQ9,NC,Zout,HS,1,1
R_2z6kvJIuUZCiHQ9,NC,Zout,HS,0,2
R_2z6kvJIuUZCiHQ9,NC,Zout,HS,1,3
R_2z6kvJIuUZCiHQ9,NC,Zout,HS,1,4
R_2z6kvJIuUZCiHQ9,NC,Zout,HS,1,5
R_2z6kvJIuUZCiHQ9,NC,Verwijderen,HS,1,1
R_2z6kvJIuUZCiHQ9,NC,Verwijderen,HS,1,2
R_2z6kvJIuUZCiHQ9,NC,Verwijderen,HS,1,3
R_2z6kvJIuUZCiHQ9,NC,Verwijderen,HS,1,4
R_2z6kvJIuUZCiHQ9,NC,Verwijderen,HS,1,5
R_2z6kvJIuUZCiHQ9,NC,Schop,HS,0,1
R_2z6kvJIuUZCiHQ9,NC,Schop,HS,1,2
R_2z6kvJIuUZCiHQ9,NC,Schop,HS,1,3
R_2z6kvJIuUZCiHQ9,NC,Schop,HS,0,4
R_2z6kvJIuUZCiHQ9,NC,Schop,HS,1,5
R_2z6kvJIuUZCiHQ9,NC,Slaan,HS,0,1
R_2z6kvJIuUZCiHQ9,NC,Slaan,HS,1,2
R_2z6kvJIuUZCiHQ9,NC,Slaan,HS,1,3
R_2z6kvJIuUZCiHQ9,NC,Slaan,HS,1,4
R_2z6kvJIuUZCiHQ9,NC,Slaan,HS,1,5
R_2z6kvJIuUZCiHQ9,NC,Rijstcake,HS,1,1
R_2z6kvJIuUZCiHQ9,NC,Rijstcake,HS,0,2
R_2z6kvJIuUZCiHQ9,NC,Rijstcake,HS,1,3
R_2z6kvJIuUZCiHQ9,NC,Rijstcake,HS,1,4
R_2z6kvJIuUZCiHQ9,NC,Rijstcake,HS,1,5
R_2z6kvJIuUZCiHQ9,NC,Uitzetten,HS,1,1
R_2z6kvJIuUZCiHQ9,NC,Uitzetten,HS,0,2
R_2z6kvJIuUZCiHQ9,NC,Uitzetten,HS,1,3
R_2z6kvJIuUZCiHQ9,NC,Uitzetten,HS,1,4
R_2z6kvJIuUZCiHQ9,NC,Uitzetten,HS,1,5
R_2z6kvJIuUZCiHQ9,NC,Kin,HS,0,1
R_2z6kvJIuUZCiHQ9,NC,Kin,HS,1,2
R_2z6kvJIuUZCiHQ9,NC,Kin,HS,1,3
R_2z6kvJIuUZCiHQ9,NC,Kin,HS,1,4
R_2z6kvJIuUZCiHQ9,NC,Kin,HS,0,5
R_2z6kvJIuUZCiHQ9,NC,Groot,HS,1,1
R_2z6kvJIuUZCiHQ9,NC,Groot,HS,1,2
R_2z6kvJIuUZCiHQ9,NC,Groot,HS,1,3
R_2z6kvJIuUZCiHQ9,NC,Groot,HS,1,4
R_2z6kvJIuUZCiHQ9,NC,Groot,HS,1,5
R_2QKZcaMhfbSdsX4,C,Studeren,NS,1,1
R_2QKZcaMhfbSdsX4,C,Studeren,NS,0,2
R_2QKZcaMhfbSdsX4,C,Studeren,NS,1,3
R_2QKZcaMhfbSdsX4,C,Studeren,NS,0,4
R_2QKZcaMhfbSdsX4,C,Studeren,NS,1,5
R_2QKZcaMhfbSdsX4,C,Stoel,NS,1,1
R_2QKZcaMhfbSdsX4,C,Stoel,NS,0,2
R_2QKZcaMhfbSdsX4,C,Stoel,NS,1,3
R_2QKZcaMhfbSdsX4,C,Stoel,NS,1,4
R_2QKZcaMhfbSdsX4,C,Stoel,NS,1,5
R_2QKZcaMhfbSdsX4,C,Varken,NS,1,1
R_2QKZcaMhfbSdsX4,C,Varken,NS,0,2
R_2QKZcaMhfbSdsX4,C,Varken,NS,0,3
R_2QKZcaMhfbSdsX4,C,Varken,NS,1,4
R_2QKZcaMhfbSdsX4,C,Varken,NS,1,5
R_2QKZcaMhfbSdsX4,C,Eten,NS,1,1
R_2QKZcaMhfbSdsX4,C,Eten,NS,0,2
R_2QKZcaMhfbSdsX4,C,Eten,NS,1,3
R_2QKZcaMhfbSdsX4,C,Eten,NS,0,4
R_2QKZcaMhfbSdsX4,C,Eten,NS,0,5
R_2QKZcaMhfbSdsX4,C,Fruit,NS,0,1
R_2QKZcaMhfbSdsX4,C,Fruit,NS,1,2
R_2QKZcaMhfbSdsX4,C,Fruit,NS,0,3
R_2QKZcaMhfbSdsX4,C,Fruit,NS,0,4
R_2QKZcaMhfbSdsX4,C,Fruit,NS,1,5
R_2QKZcaMhfbSdsX4,C,Stad,NS,1,1
R_2QKZcaMhfbSdsX4,C,Stad,NS,1,2
R_2QKZcaMhfbSdsX4,C,Stad,NS,0,3
R_2QKZcaMhfbSdsX4,C,Stad,NS,1,4
R_2QKZcaMhfbSdsX4,C,Stad,NS,1,5
R_2QKZcaMhfbSdsX4,C,Cafe,NS,0,1
R_2QKZcaMhfbSdsX4,C,Cafe,NS,1,2
R_2QKZcaMhfbSdsX4,C,Cafe,NS,1,3
R_2QKZcaMhfbSdsX4,C,Cafe,NS,0,4
R_2QKZcaMhfbSdsX4,C,Cafe,NS,1,5
R_2QKZcaMhfbSdsX4,C,Zomer,NS,0,1
R_2QKZcaMhfbSdsX4,C,Zomer,NS,0,2
R_2QKZcaMhfbSdsX4,C,Zomer,NS,0,3
R_2QKZcaMhfbSdsX4,C,Zomer,NS,1,4
R_2QKZcaMhfbSdsX4,C,Zomer,NS,1,5
R_2QKZcaMhfbSdsX4,C,Kopen,MS,1,1
R_2QKZcaMhfbSdsX4,C,Kopen,MS,1,2
R_2QKZcaMhfbSdsX4,C,Kopen,MS,0,3
R_2QKZcaMhfbSdsX4,C,Kopen,MS,0,4
R_2QKZcaMhfbSdsX4,C,Kopen,MS,0,5
R_2QKZcaMhfbSdsX4,C,Goedkoop,MS,1,1
R_2QKZcaMhfbSdsX4,C,Goedkoop,MS,1,2
R_2QKZcaMhfbSdsX4,C,Goedkoop,MS,1,3
R_2QKZcaMhfbSdsX4,C,Goedkoop,MS,1,4
R_2QKZcaMhfbSdsX4,C,Goedkoop,MS,1,5
R_2QKZcaMhfbSdsX4,C,Maand,MS,1,1
R_2QKZcaMhfbSdsX4,C,Maand,MS,1,2
R_2QKZcaMhfbSdsX4,C,Maand,MS,0,3
R_2QKZcaMhfbSdsX4,C,Maand,MS,1,4
R_2QKZcaMhfbSdsX4,C,Maand,MS,1,5
R_2QKZcaMhfbSdsX4,C,Dochter,MS,0,1
R_2QKZcaMhfbSdsX4,C,Dochter,MS,0,2
R_2QKZcaMhfbSdsX4,C,Dochter,MS,1,3
R_2QKZcaMhfbSdsX4,C,Dochter,MS,0,4
R_2QKZcaMhfbSdsX4,C,Dochter,MS,0,5
R_2QKZcaMhfbSdsX4,C,Kamer,MS,1,1
R_2QKZcaMhfbSdsX4,C,Kamer,MS,0,2
R_2QKZcaMhfbSdsX4,C,Kamer,MS,1,3
R_2QKZcaMhfbSdsX4,C,Kamer,MS,1,4
R_2QKZcaMhfbSdsX4,C,Kamer,MS,1,5
R_2QKZcaMhfbSdsX4,C,Brood,MS,1,1
R_2QKZcaMhfbSdsX4,C,Brood,MS,0,2
R_2QKZcaMhfbSdsX4,C,Brood,MS,1,3
R_2QKZcaMhfbSdsX4,C,Brood,MS,0,4
R_2QKZcaMhfbSdsX4,C,Brood,MS,0,5
R_2QKZcaMhfbSdsX4,C,Oost,MS,0,1
R_2QKZcaMhfbSdsX4,C,Oost,MS,0,2
R_2QKZcaMhfbSdsX4,C,Oost,MS,1,3
R_2QKZcaMhfbSdsX4,C,Oost,MS,1,4
R_2QKZcaMhfbSdsX4,C,Oost,MS,1,5
R_2QKZcaMhfbSdsX4,C,Poep,MS,1,1
R_2QKZcaMhfbSdsX4,C,Poep,MS,1,2
R_2QKZcaMhfbSdsX4,C,Poep,MS,0,3
R_2QKZcaMhfbSdsX4,C,Poep,MS,0,4
R_2QKZcaMhfbSdsX4,C,Poep,MS,0,5
R_2QKZcaMhfbSdsX4,C,Zout,HS,1,1
R_2QKZcaMhfbSdsX4,C,Zout,HS,0,2
R_2QKZcaMhfbSdsX4,C,Zout,HS,0,3
R_2QKZcaMhfbSdsX4,C,Zout,HS,0,4
R_2QKZcaMhfbSdsX4,C,Zout,HS,0,5
R_2QKZcaMhfbSdsX4,C,Schop,HS,1,1
R_2QKZcaMhfbSdsX4,C,Schop,HS,1,2
R_2QKZcaMhfbSdsX4,C,Schop,HS,0,3
R_2QKZcaMhfbSdsX4,C,Schop,HS,1,4
R_2QKZcaMhfbSdsX4,C,Schop,HS,1,5
R_2QKZcaMhfbSdsX4,C,Verwijderen,HS,1,1
R_2QKZcaMhfbSdsX4,C,Verwijderen,HS,1,2
R_2QKZcaMhfbSdsX4,C,Verwijderen,HS,1,3
R_2QKZcaMhfbSdsX4,C,Verwijderen,HS,1,4
R_2QKZcaMhfbSdsX4,C,Verwijderen,HS,1,5
R_2QKZcaMhfbSdsX4,C,Slaan,HS,1,1
R_2QKZcaMhfbSdsX4,C,Slaan,HS,0,2
R_2QKZcaMhfbSdsX4,C,Slaan,HS,1,3
R_2QKZcaMhfbSdsX4,C,Slaan,HS,0,4
R_2QKZcaMhfbSdsX4,C,Slaan,HS,1,5
R_2QKZcaMhfbSdsX4,C,Rijstcake,HS,0,1
R_2QKZcaMhfbSdsX4,C,Rijstcake,HS,0,2
R_2QKZcaMhfbSdsX4,C,Rijstcake,HS,0,3
R_2QKZcaMhfbSdsX4,C,Rijstcake,HS,0,4
R_2QKZcaMhfbSdsX4,C,Rijstcake,HS,0,5
R_2QKZcaMhfbSdsX4,C,Kin,HS,1,1
R_2QKZcaMhfbSdsX4,C,Kin,HS,1,2
R_2QKZcaMhfbSdsX4,C,Kin,HS,1,3
R_2QKZcaMhfbSdsX4,C,Kin,HS,0,4
R_2QKZcaMhfbSdsX4,C,Kin,HS,0,5
R_2QKZcaMhfbSdsX4,C,Uitzetten,HS,1,1
R_2QKZcaMhfbSdsX4,C,Uitzetten,HS,0,2
R_2QKZcaMhfbSdsX4,C,Uitzetten,HS,1,3
R_2QKZcaMhfbSdsX4,C,Uitzetten,HS,0,4
R_2QKZcaMhfbSdsX4,C,Uitzetten,HS,1,5
R_2QKZcaMhfbSdsX4,C,Groot,HS,0,1
R_2QKZcaMhfbSdsX4,C,Groot,HS,1,2
R_2QKZcaMhfbSdsX4,C,Groot,HS,0,3
R_2QKZcaMhfbSdsX4,C,Groot,HS,0,4
R_2QKZcaMhfbSdsX4,C,Groot,HS,1,5
R_puQMVGta3mucOpH,NC,Studeren,NS,0,1
R_puQMVGta3mucOpH,NC,Studeren,NS,1,2
R_puQMVGta3mucOpH,NC,Studeren,NS,1,3
R_puQMVGta3mucOpH,NC,Studeren,NS,1,4
R_puQMVGta3mucOpH,NC,Studeren,NS,1,5
R_puQMVGta3mucOpH,NC,Stoel,NS,1,1
R_puQMVGta3mucOpH,NC,Stoel,NS,1,2
R_puQMVGta3mucOpH,NC,Stoel,NS,1,3
R_puQMVGta3mucOpH,NC,Stoel,NS,1,4
R_puQMVGta3mucOpH,NC,Stoel,NS,1,5
R_puQMVGta3mucOpH,NC,Varken,NS,1,1
R_puQMVGta3mucOpH,NC,Varken,NS,1,2
R_puQMVGta3mucOpH,NC,Varken,NS,1,3
R_puQMVGta3mucOpH,NC,Varken,NS,1,4
R_puQMVGta3mucOpH,NC,Varken,NS,1,5
R_puQMVGta3mucOpH,NC,Eten,NS,1,1
R_puQMVGta3mucOpH,NC,Eten,NS,1,2
R_puQMVGta3mucOpH,NC,Eten,NS,1,3
R_puQMVGta3mucOpH,NC,Eten,NS,1,4
R_puQMVGta3mucOpH,NC,Eten,NS,1,5
R_puQMVGta3mucOpH,NC,Fruit,NS,1,1
R_puQMVGta3mucOpH,NC,Fruit,NS,1,2
R_puQMVGta3mucOpH,NC,Fruit,NS,1,3
R_puQMVGta3mucOpH,NC,Fruit,NS,1,4
R_puQMVGta3mucOpH,NC,Fruit,NS,1,5
R_puQMVGta3mucOpH,NC,Stad,NS,1,1
R_puQMVGta3mucOpH,NC,Stad,NS,1,2
R_puQMVGta3mucOpH,NC,Stad,NS,1,3
R_puQMVGta3mucOpH,NC,Stad,NS,1,4
R_puQMVGta3mucOpH,NC,Stad,NS,1,5
R_puQMVGta3mucOpH,NC,Cafe,NS,1,1
R_puQMVGta3mucOpH,NC,Cafe,NS,1,2
R_puQMVGta3mucOpH,NC,Cafe,NS,1,3
R_puQMVGta3mucOpH,NC,Cafe,NS,1,4
R_puQMVGta3mucOpH,NC,Cafe,NS,1,5
R_puQMVGta3mucOpH,NC,Zomer,NS,1,1
R_puQMVGta3mucOpH,NC,Zomer,NS,1,2
R_puQMVGta3mucOpH,NC,Zomer,NS,1,3
R_puQMVGta3mucOpH,NC,Zomer,NS,1,4
R_puQMVGta3mucOpH,NC,Zomer,NS,1,5
R_puQMVGta3mucOpH,NC,Kopen,MS,1,1
R_puQMVGta3mucOpH,NC,Kopen,MS,1,2
R_puQMVGta3mucOpH,NC,Kopen,MS,1,3
R_puQMVGta3mucOpH,NC,Kopen,MS,1,4
R_puQMVGta3mucOpH,NC,Kopen,MS,1,5
R_puQMVGta3mucOpH,NC,Maand,MS,0,1
R_puQMVGta3mucOpH,NC,Maand,MS,1,2
R_puQMVGta3mucOpH,NC,Maand,MS,1,3
R_puQMVGta3mucOpH,NC,Maand,MS,1,4
R_puQMVGta3mucOpH,NC,Maand,MS,1,5
R_puQMVGta3mucOpH,NC,Goedkoop,MS,0,1
R_puQMVGta3mucOpH,NC,Goedkoop,MS,1,2
R_puQMVGta3mucOpH,NC,Goedkoop,MS,0,3
R_puQMVGta3mucOpH,NC,Goedkoop,MS,1,4
R_puQMVGta3mucOpH,NC,Goedkoop,MS,1,5
R_puQMVGta3mucOpH,NC,Dochter,MS,0,1
R_puQMVGta3mucOpH,NC,Dochter,MS,1,2
R_puQMVGta3mucOpH,NC,Dochter,MS,1,3
R_puQMVGta3mucOpH,NC,Dochter,MS,1,4
R_puQMVGta3mucOpH,NC,Dochter,MS,1,5
R_puQMVGta3mucOpH,NC,Kamer,MS,1,1
R_puQMVGta3mucOpH,NC,Kamer,MS,1,2
R_puQMVGta3mucOpH,NC,Kamer,MS,1,3
R_puQMVGta3mucOpH,NC,Kamer,MS,1,4
R_puQMVGta3mucOpH,NC,Kamer,MS,1,5
R_puQMVGta3mucOpH,NC,Oost,MS,1,1
R_puQMVGta3mucOpH,NC,Oost,MS,1,2
R_puQMVGta3mucOpH,NC,Oost,MS,1,3
R_puQMVGta3mucOpH,NC,Oost,MS,1,4
R_puQMVGta3mucOpH,NC,Oost,MS,1,5
R_puQMVGta3mucOpH,NC,Brood,MS,1,1
R_puQMVGta3mucOpH,NC,Brood,MS,1,2
R_puQMVGta3mucOpH,NC,Brood,MS,1,3
R_puQMVGta3mucOpH,NC,Brood,MS,1,4
R_puQMVGta3mucOpH,NC,Brood,MS,1,5
R_puQMVGta3mucOpH,NC,Poep,MS,0,1
R_puQMVGta3mucOpH,NC,Poep,MS,1,2
R_puQMVGta3mucOpH,NC,Poep,MS,1,3
R_puQMVGta3mucOpH,NC,Poep,MS,1,4
R_puQMVGta3mucOpH,NC,Poep,MS,1,5
R_puQMVGta3mucOpH,NC,Zout,HS,1,1
R_puQMVGta3mucOpH,NC,Zout,HS,1,2
R_puQMVGta3mucOpH,NC,Zout,HS,1,3
R_puQMVGta3mucOpH,NC,Zout,HS,1,4
R_puQMVGta3mucOpH,NC,Zout,HS,1,5
R_puQMVGta3mucOpH,NC,Verwijderen,HS,0,1
R_puQMVGta3mucOpH,NC,Verwijderen,HS,1,2
R_puQMVGta3mucOpH,NC,Verwijderen,HS,1,3
R_puQMVGta3mucOpH,NC,Verwijderen,HS,1,4
R_puQMVGta3mucOpH,NC,Verwijderen,HS,1,5
R_puQMVGta3mucOpH,NC,Schop,HS,1,1
R_puQMVGta3mucOpH,NC,Schop,HS,1,2
R_puQMVGta3mucOpH,NC,Schop,HS,1,3
R_puQMVGta3mucOpH,NC,Schop,HS,1,4
R_puQMVGta3mucOpH,NC,Schop,HS,1,5
R_puQMVGta3mucOpH,NC,Slaan,HS,1,1
R_puQMVGta3mucOpH,NC,Slaan,HS,1,2
R_puQMVGta3mucOpH,NC,Slaan,HS,1,3
R_puQMVGta3mucOpH,NC,Slaan,HS,1,4
R_puQMVGta3mucOpH,NC,Slaan,HS,1,5
R_puQMVGta3mucOpH,NC,Rijstcake,HS,1,1
R_puQMVGta3mucOpH,NC,Rijstcake,HS,1,2
R_puQMVGta3mucOpH,NC,Rijstcake,HS,1,3
R_puQMVGta3mucOpH,NC,Rijstcake,HS,1,4
R_puQMVGta3mucOpH,NC,Rijstcake,HS,1,5
R_puQMVGta3mucOpH,NC,Uitzetten,HS,0,1
R_puQMVGta3mucOpH,NC,Uitzetten,HS,1,2
R_puQMVGta3mucOpH,NC,Uitzetten,HS,1,3
R_puQMVGta3mucOpH,NC,Uitzetten,HS,0,4
R_puQMVGta3mucOpH,NC,Uitzetten,HS,1,5
R_puQMVGta3mucOpH,NC,Kin,HS,1,1
R_puQMVGta3mucOpH,NC,Kin,HS,0,2
R_puQMVGta3mucOpH,NC,Kin,HS,1,3
R_puQMVGta3mucOpH,NC,Kin,HS,1,4
R_puQMVGta3mucOpH,NC,Kin,HS,1,5
R_puQMVGta3mucOpH,NC,Groot,HS,1,1
R_puQMVGta3mucOpH,NC,Groot,HS,1,2
R_puQMVGta3mucOpH,NC,Groot,HS,0,3
R_puQMVGta3mucOpH,NC,Groot,HS,1,4
R_puQMVGta3mucOpH,NC,Groot,HS,1,5
R_3qfVZlFI4kPNlzc,C,Studeren,NS,0,1
R_3qfVZlFI4kPNlzc,C,Studeren,NS,0,2
R_3qfVZlFI4kPNlzc,C,Studeren,NS,1,3
R_3qfVZlFI4kPNlzc,C,Studeren,NS,0,4
R_3qfVZlFI4kPNlzc,C,Studeren,NS,0,5
R_3qfVZlFI4kPNlzc,C,Stoel,NS,0,1
R_3qfVZlFI4kPNlzc,C,Stoel,NS,1,2
R_3qfVZlFI4kPNlzc,C,Stoel,NS,0,3
R_3qfVZlFI4kPNlzc,C,Stoel,NS,0,4
R_3qfVZlFI4kPNlzc,C,Stoel,NS,0,5
R_3qfVZlFI4kPNlzc,C,Varken,NS,0,1
R_3qfVZlFI4kPNlzc,C,Varken,NS,0,2
R_3qfVZlFI4kPNlzc,C,Varken,NS,0,3
R_3qfVZlFI4kPNlzc,C,Varken,NS,0,4
R_3qfVZlFI4kPNlzc,C,Varken,NS,1,5
R_3qfVZlFI4kPNlzc,C,Eten,NS,0,1
R_3qfVZlFI4kPNlzc,C,Eten,NS,0,2
R_3qfVZlFI4kPNlzc,C,Eten,NS,1,3
R_3qfVZlFI4kPNlzc,C,Eten,NS,0,4
R_3qfVZlFI4kPNlzc,C,Eten,NS,1,5
R_3qfVZlFI4kPNlzc,C,Fruit,NS,0,1
R_3qfVZlFI4kPNlzc,C,Fruit,NS,1,2
R_3qfVZlFI4kPNlzc,C,Fruit,NS,0,3
R_3qfVZlFI4kPNlzc,C,Fruit,NS,1,4
R_3qfVZlFI4kPNlzc,C,Fruit,NS,1,5
R_3qfVZlFI4kPNlzc,C,Stad,NS,1,1
R_3qfVZlFI4kPNlzc,C,Stad,NS,0,2
R_3qfVZlFI4kPNlzc,C,Stad,NS,1,3
R_3qfVZlFI4kPNlzc,C,Stad,NS,1,4
R_3qfVZlFI4kPNlzc,C,Stad,NS,1,5
R_3qfVZlFI4kPNlzc,C,Cafe,NS,1,1
R_3qfVZlFI4kPNlzc,C,Cafe,NS,1,2
R_3qfVZlFI4kPNlzc,C,Cafe,NS,0,3
R_3qfVZlFI4kPNlzc,C,Cafe,NS,1,4
R_3qfVZlFI4kPNlzc,C,Cafe,NS,0,5
R_3qfVZlFI4kPNlzc,C,Zomer,NS,0,1
R_3qfVZlFI4kPNlzc,C,Zomer,NS,0,2
R_3qfVZlFI4kPNlzc,C,Zomer,NS,1,3
R_3qfVZlFI4kPNlzc,C,Zomer,NS,1,4
R_3qfVZlFI4kPNlzc,C,Zomer,NS,1,5
R_3qfVZlFI4kPNlzc,C,Kopen,MS,0,1
R_3qfVZlFI4kPNlzc,C,Kopen,MS,1,2
R_3qfVZlFI4kPNlzc,C,Kopen,MS,0,3
R_3qfVZlFI4kPNlzc,C,Kopen,MS,0,4
R_3qfVZlFI4kPNlzc,C,Kopen,MS,0,5
R_3qfVZlFI4kPNlzc,C,Goedkoop,MS,1,1
R_3qfVZlFI4kPNlzc,C,Goedkoop,MS,0,2
R_3qfVZlFI4kPNlzc,C,Goedkoop,MS,1,3
R_3qfVZlFI4kPNlzc,C,Goedkoop,MS,1,4
R_3qfVZlFI4kPNlzc,C,Goedkoop,MS,1,5
R_3qfVZlFI4kPNlzc,C,Maand,MS,1,1
R_3qfVZlFI4kPNlzc,C,Maand,MS,0,2
R_3qfVZlFI4kPNlzc,C,Maand,MS,0,3
R_3qfVZlFI4kPNlzc,C,Maand,MS,0,4
R_3qfVZlFI4kPNlzc,C,Maand,MS,1,5
R_3qfVZlFI4kPNlzc,C,Dochter,MS,0,1
R_3qfVZlFI4kPNlzc,C,Dochter,MS,1,2
R_3qfVZlFI4kPNlzc,C,Dochter,MS,0,3
R_3qfVZlFI4kPNlzc,C,Dochter,MS,1,4
R_3qfVZlFI4kPNlzc,C,Dochter,MS,1,5
R_3qfVZlFI4kPNlzc,C,Kamer,MS,1,1
R_3qfVZlFI4kPNlzc,C,Kamer,MS,1,2
R_3qfVZlFI4kPNlzc,C,Kamer,MS,0,3
R_3qfVZlFI4kPNlzc,C,Kamer,MS,0,4
R_3qfVZlFI4kPNlzc,C,Kamer,MS,1,5
R_3qfVZlFI4kPNlzc,C,Brood,MS,1,1
R_3qfVZlFI4kPNlzc,C,Brood,MS,1,2
R_3qfVZlFI4kPNlzc,C,Brood,MS,1,3
R_3qfVZlFI4kPNlzc,C,Brood,MS,0,4
R_3qfVZlFI4kPNlzc,C,Brood,MS,0,5
R_3qfVZlFI4kPNlzc,C,Oost,MS,1,1
R_3qfVZlFI4kPNlzc,C,Oost,MS,1,2
R_3qfVZlFI4kPNlzc,C,Oost,MS,1,3
R_3qfVZlFI4kPNlzc,C,Oost,MS,1,4
R_3qfVZlFI4kPNlzc,C,Oost,MS,0,5
R_3qfVZlFI4kPNlzc,C,Poep,MS,1,1
R_3qfVZlFI4kPNlzc,C,Poep,MS,0,2
R_3qfVZlFI4kPNlzc,C,Poep,MS,0,3
R_3qfVZlFI4kPNlzc,C,Poep,MS,1,4
R_3qfVZlFI4kPNlzc,C,Poep,MS,1,5
R_3qfVZlFI4kPNlzc,C,Zout,HS,1,1
R_3qfVZlFI4kPNlzc,C,Zout,HS,0,2
R_3qfVZlFI4kPNlzc,C,Zout,HS,0,3
R_3qfVZlFI4kPNlzc,C,Zout,HS,1,4
R_3qfVZlFI4kPNlzc,C,Zout,HS,1,5
R_3qfVZlFI4kPNlzc,C,Schop,HS,1,1
R_3qfVZlFI4kPNlzc,C,Schop,HS,1,2
R_3qfVZlFI4kPNlzc,C,Schop,HS,0,3
R_3qfVZlFI4kPNlzc,C,Schop,HS,1,4
R_3qfVZlFI4kPNlzc,C,Schop,HS,0,5
R_3qfVZlFI4kPNlzc,C,Verwijderen,HS,0,1
R_3qfVZlFI4kPNlzc,C,Verwijderen,HS,1,2
R_3qfVZlFI4kPNlzc,C,Verwijderen,HS,1,3
R_3qfVZlFI4kPNlzc,C,Verwijderen,HS,1,4
R_3qfVZlFI4kPNlzc,C,Verwijderen,HS,1,5
R_3qfVZlFI4kPNlzc,C,Slaan,HS,0,1
R_3qfVZlFI4kPNlzc,C,Slaan,HS,1,2
R_3qfVZlFI4kPNlzc,C,Slaan,HS,1,3
R_3qfVZlFI4kPNlzc,C,Slaan,HS,0,4
R_3qfVZlFI4kPNlzc,C,Slaan,HS,1,5
R_3qfVZlFI4kPNlzc,C,Rijstcake,HS,1,1
R_3qfVZlFI4kPNlzc,C,Rijstcake,HS,1,2
R_3qfVZlFI4kPNlzc,C,Rijstcake,HS,0,3
R_3qfVZlFI4kPNlzc,C,Rijstcake,HS,1,4
R_3qfVZlFI4kPNlzc,C,Rijstcake,HS,0,5
R_3qfVZlFI4kPNlzc,C,Kin,HS,0,1
R_3qfVZlFI4kPNlzc,C,Kin,HS,0,2
R_3qfVZlFI4kPNlzc,C,Kin,HS,0,3
R_3qfVZlFI4kPNlzc,C,Kin,HS,0,4
R_3qfVZlFI4kPNlzc,C,Kin,HS,1,5
R_3qfVZlFI4kPNlzc,C,Uitzetten,HS,1,1
R_3qfVZlFI4kPNlzc,C,Uitzetten,HS,1,2
R_3qfVZlFI4kPNlzc,C,Uitzetten,HS,1,3
R_3qfVZlFI4kPNlzc,C,Uitzetten,HS,1,4
R_3qfVZlFI4kPNlzc,C,Uitzetten,HS,1,5
R_3qfVZlFI4kPNlzc,C,Groot,HS,1,1
R_3qfVZlFI4kPNlzc,C,Groot,HS,0,2
R_3qfVZlFI4kPNlzc,C,Groot,HS,0,3
R_3qfVZlFI4kPNlzc,C,Groot,HS,1,4
R_3qfVZlFI4kPNlzc,C,Groot,HS,1,5
R_2D8HbsHSeGSqRiX,C,Studeren,NS,1,1
R_2D8HbsHSeGSqRiX,C,Studeren,NS,1,2
R_2D8HbsHSeGSqRiX,C,Studeren,NS,0,3
R_2D8HbsHSeGSqRiX,C,Studeren,NS,1,4
R_2D8HbsHSeGSqRiX,C,Studeren,NS,0,5
R_2D8HbsHSeGSqRiX,C,Stoel,NS,0,1
R_2D8HbsHSeGSqRiX,C,Stoel,NS,1,2
R_2D8HbsHSeGSqRiX,C,Stoel,NS,1,3
R_2D8HbsHSeGSqRiX,C,Stoel,NS,1,4
R_2D8HbsHSeGSqRiX,C,Stoel,NS,1,5
R_2D8HbsHSeGSqRiX,C,Varken,NS,1,1
R_2D8HbsHSeGSqRiX,C,Varken,NS,1,2
R_2D8HbsHSeGSqRiX,C,Varken,NS,1,3
R_2D8HbsHSeGSqRiX,C,Varken,NS,1,4
R_2D8HbsHSeGSqRiX,C,Varken,NS,1,5
R_2D8HbsHSeGSqRiX,C,Eten,NS,0,1
R_2D8HbsHSeGSqRiX,C,Eten,NS,1,2
R_2D8HbsHSeGSqRiX,C,Eten,NS,1,3
R_2D8HbsHSeGSqRiX,C,Eten,NS,0,4
R_2D8HbsHSeGSqRiX,C,Eten,NS,1,5
R_2D8HbsHSeGSqRiX,C,Fruit,NS,0,1
R_2D8HbsHSeGSqRiX,C,Fruit,NS,1,2
R_2D8HbsHSeGSqRiX,C,Fruit,NS,1,3
R_2D8HbsHSeGSqRiX,C,Fruit,NS,1,4
R_2D8HbsHSeGSqRiX,C,Fruit,NS,1,5
R_2D8HbsHSeGSqRiX,C,Stad,NS,1,1
R_2D8HbsHSeGSqRiX,C,Stad,NS,0,2
R_2D8HbsHSeGSqRiX,C,Stad,NS,1,3
R_2D8HbsHSeGSqRiX,C,Stad,NS,0,4
R_2D8HbsHSeGSqRiX,C,Stad,NS,1,5
R_2D8HbsHSeGSqRiX,C,Cafe,NS,1,1
R_2D8HbsHSeGSqRiX,C,Cafe,NS,1,2
R_2D8HbsHSeGSqRiX,C,Cafe,NS,1,3
R_2D8HbsHSeGSqRiX,C,Cafe,NS,1,4
R_2D8HbsHSeGSqRiX,C,Cafe,NS,1,5
R_2D8HbsHSeGSqRiX,C,Zomer,NS,1,1
R_2D8HbsHSeGSqRiX,C,Zomer,NS,1,2
R_2D8HbsHSeGSqRiX,C,Zomer,NS,1,3
R_2D8HbsHSeGSqRiX,C,Zomer,NS,1,4
R_2D8HbsHSeGSqRiX,C,Zomer,NS,1,5
R_2D8HbsHSeGSqRiX,C,Kopen,MS,1,1
R_2D8HbsHSeGSqRiX,C,Kopen,MS,1,2
R_2D8HbsHSeGSqRiX,C,Kopen,MS,1,3
R_2D8HbsHSeGSqRiX,C,Kopen,MS,1,4
R_2D8HbsHSeGSqRiX,C,Kopen,MS,1,5
R_2D8HbsHSeGSqRiX,C,Goedkoop,MS,1,1
R_2D8HbsHSeGSqRiX,C,Goedkoop,MS,0,2
R_2D8HbsHSeGSqRiX,C,Goedkoop,MS,1,3
R_2D8HbsHSeGSqRiX,C,Goedkoop,MS,1,4
R_2D8HbsHSeGSqRiX,C,Goedkoop,MS,1,5
R_2D8HbsHSeGSqRiX,C,Maand,MS,1,1
R_2D8HbsHSeGSqRiX,C,Maand,MS,0,2
R_2D8HbsHSeGSqRiX,C,Maand,MS,1,3
R_2D8HbsHSeGSqRiX,C,Maand,MS,1,4
R_2D8HbsHSeGSqRiX,C,Maand,MS,0,5
R_2D8HbsHSeGSqRiX,C,Dochter,MS,1,1
R_2D8HbsHSeGSqRiX,C,Dochter,MS,0,2
R_2D8HbsHSeGSqRiX,C,Dochter,MS,0,3
R_2D8HbsHSeGSqRiX,C,Dochter,MS,0,4
R_2D8HbsHSeGSqRiX,C,Dochter,MS,0,5
R_2D8HbsHSeGSqRiX,C,Kamer,MS,0,1
R_2D8HbsHSeGSqRiX,C,Kamer,MS,0,2
R_2D8HbsHSeGSqRiX,C,Kamer,MS,1,3
R_2D8HbsHSeGSqRiX,C,Kamer,MS,0,4
R_2D8HbsHSeGSqRiX,C,Kamer,MS,0,5
R_2D8HbsHSeGSqRiX,C,Brood,MS,0,1
R_2D8HbsHSeGSqRiX,C,Brood,MS,0,2
R_2D8HbsHSeGSqRiX,C,Brood,MS,1,3
R_2D8HbsHSeGSqRiX,C,Brood,MS,1,4
R_2D8HbsHSeGSqRiX,C,Brood,MS,0,5
R_2D8HbsHSeGSqRiX,C,Oost,MS,0,1
R_2D8HbsHSeGSqRiX,C,Oost,MS,1,2
R_2D8HbsHSeGSqRiX,C,Oost,MS,1,3
R_2D8HbsHSeGSqRiX,C,Oost,MS,0,4
R_2D8HbsHSeGSqRiX,C,Oost,MS,0,5
R_2D8HbsHSeGSqRiX,C,Poep,MS,1,1
R_2D8HbsHSeGSqRiX,C,Poep,MS,1,2
R_2D8HbsHSeGSqRiX,C,Poep,MS,1,3
R_2D8HbsHSeGSqRiX,C,Poep,MS,1,4
R_2D8HbsHSeGSqRiX,C,Poep,MS,1,5
R_2D8HbsHSeGSqRiX,C,Zout,HS,1,1
R_2D8HbsHSeGSqRiX,C,Zout,HS,1,2
R_2D8HbsHSeGSqRiX,C,Zout,HS,0,3
R_2D8HbsHSeGSqRiX,C,Zout,HS,0,4
R_2D8HbsHSeGSqRiX,C,Zout,HS,0,5
R_2D8HbsHSeGSqRiX,C,Schop,HS,1,1
R_2D8HbsHSeGSqRiX,C,Schop,HS,0,2
R_2D8HbsHSeGSqRiX,C,Schop,HS,1,3
R_2D8HbsHSeGSqRiX,C,Schop,HS,0,4
R_2D8HbsHSeGSqRiX,C,Schop,HS,1,5
R_2D8HbsHSeGSqRiX,C,Verwijderen,HS,1,1
R_2D8HbsHSeGSqRiX,C,Verwijderen,HS,0,2
R_2D8HbsHSeGSqRiX,C,Verwijderen,HS,1,3
R_2D8HbsHSeGSqRiX,C,Verwijderen,HS,0,4
R_2D8HbsHSeGSqRiX,C,Verwijderen,HS,0,5
R_2D8HbsHSeGSqRiX,C,Slaan,HS,0,1
R_2D8HbsHSeGSqRiX,C,Slaan,HS,1,2
R_2D8HbsHSeGSqRiX,C,Slaan,HS,0,3
R_2D8HbsHSeGSqRiX,C,Slaan,HS,1,4
R_2D8HbsHSeGSqRiX,C,Slaan,HS,1,5
R_2D8HbsHSeGSqRiX,C,Rijstcake,HS,1,1
R_2D8HbsHSeGSqRiX,C,Rijstcake,HS,0,2
R_2D8HbsHSeGSqRiX,C,Rijstcake,HS,0,3
R_2D8HbsHSeGSqRiX,C,Rijstcake,HS,1,4
R_2D8HbsHSeGSqRiX,C,Rijstcake,HS,1,5
R_2D8HbsHSeGSqRiX,C,Kin,HS,1,1
R_2D8HbsHSeGSqRiX,C,Kin,HS,1,2
R_2D8HbsHSeGSqRiX,C,Kin,HS,1,3
R_2D8HbsHSeGSqRiX,C,Kin,HS,1,4
R_2D8HbsHSeGSqRiX,C,Kin,HS,1,5
R_2D8HbsHSeGSqRiX,C,Uitzetten,HS,1,1
R_2D8HbsHSeGSqRiX,C,Uitzetten,HS,1,2
R_2D8HbsHSeGSqRiX,C,Uitzetten,HS,0,3
R_2D8HbsHSeGSqRiX,C,Uitzetten,HS,1,4
R_2D8HbsHSeGSqRiX,C,Uitzetten,HS,0,5
R_2D8HbsHSeGSqRiX,C,Groot,HS,1,1
R_2D8HbsHSeGSqRiX,C,Groot,HS,1,2
R_2D8HbsHSeGSqRiX,C,Groot,HS,1,3
R_2D8HbsHSeGSqRiX,C,Groot,HS,1,4
R_2D8HbsHSeGSqRiX,C,Groot,HS,1,5
R_2ahr35BgDFrxQXQ,NC,Studeren,NS,0,1
R_2ahr35BgDFrxQXQ,NC,Studeren,NS,1,2
R_2ahr35BgDFrxQXQ,NC,Studeren,NS,0,3
R_2ahr35BgDFrxQXQ,NC,Studeren,NS,0,4
R_2ahr35BgDFrxQXQ,NC,Studeren,NS,1,5
R_2ahr35BgDFrxQXQ,NC,Stoel,NS,0,1
R_2ahr35BgDFrxQXQ,NC,Stoel,NS,1,2
R_2ahr35BgDFrxQXQ,NC,Stoel,NS,1,3
R_2ahr35BgDFrxQXQ,NC,Stoel,NS,1,4
R_2ahr35BgDFrxQXQ,NC,Stoel,NS,1,5
R_2ahr35BgDFrxQXQ,NC,Varken,NS,1,1
R_2ahr35BgDFrxQXQ,NC,Varken,NS,1,2
R_2ahr35BgDFrxQXQ,NC,Varken,NS,1,3
R_2ahr35BgDFrxQXQ,NC,Varken,NS,1,4
R_2ahr35BgDFrxQXQ,NC,Varken,NS,1,5
R_2ahr35BgDFrxQXQ,NC,Eten,NS,0,1
R_2ahr35BgDFrxQXQ,NC,Eten,NS,1,2
R_2ahr35BgDFrxQXQ,NC,Eten,NS,0,3
R_2ahr35BgDFrxQXQ,NC,Eten,NS,0,4
R_2ahr35BgDFrxQXQ,NC,Eten,NS,1,5
R_2ahr35BgDFrxQXQ,NC,Fruit,NS,0,1
R_2ahr35BgDFrxQXQ,NC,Fruit,NS,1,2
R_2ahr35BgDFrxQXQ,NC,Fruit,NS,1,3
R_2ahr35BgDFrxQXQ,NC,Fruit,NS,0,4
R_2ahr35BgDFrxQXQ,NC,Fruit,NS,0,5
R_2ahr35BgDFrxQXQ,NC,Stad,NS,1,1
R_2ahr35BgDFrxQXQ,NC,Stad,NS,1,2
R_2ahr35BgDFrxQXQ,NC,Stad,NS,1,3
R_2ahr35BgDFrxQXQ,NC,Stad,NS,0,4
R_2ahr35BgDFrxQXQ,NC,Stad,NS,1,5
R_2ahr35BgDFrxQXQ,NC,Cafe,NS,1,1
R_2ahr35BgDFrxQXQ,NC,Cafe,NS,1,2
R_2ahr35BgDFrxQXQ,NC,Cafe,NS,1,3
R_2ahr35BgDFrxQXQ,NC,Cafe,NS,1,4
R_2ahr35BgDFrxQXQ,NC,Cafe,NS,1,5
R_2ahr35BgDFrxQXQ,NC,Zomer,NS,1,1
R_2ahr35BgDFrxQXQ,NC,Zomer,NS,1,2
R_2ahr35BgDFrxQXQ,NC,Zomer,NS,1,3
R_2ahr35BgDFrxQXQ,NC,Zomer,NS,1,4
R_2ahr35BgDFrxQXQ,NC,Zomer,NS,1,5
R_2ahr35BgDFrxQXQ,NC,Kopen,MS,0,1
R_2ahr35BgDFrxQXQ,NC,Kopen,MS,0,2
R_2ahr35BgDFrxQXQ,NC,Kopen,MS,1,3
R_2ahr35BgDFrxQXQ,NC,Kopen,MS,1,4
R_2ahr35BgDFrxQXQ,NC,Kopen,MS,0,5
R_2ahr35BgDFrxQXQ,NC,Maand,MS,1,1
R_2ahr35BgDFrxQXQ,NC,Maand,MS,0,2
R_2ahr35BgDFrxQXQ,NC,Maand,MS,0,3
R_2ahr35BgDFrxQXQ,NC,Maand,MS,0,4
R_2ahr35BgDFrxQXQ,NC,Maand,MS,0,5
R_2ahr35BgDFrxQXQ,NC,Goedkoop,MS,1,1
R_2ahr35BgDFrxQXQ,NC,Goedkoop,MS,0,2
R_2ahr35BgDFrxQXQ,NC,Goedkoop,MS,1,3
R_2ahr35BgDFrxQXQ,NC,Goedkoop,MS,1,4
R_2ahr35BgDFrxQXQ,NC,Goedkoop,MS,1,5
R_2ahr35BgDFrxQXQ,NC,Dochter,MS,0,1
R_2ahr35BgDFrxQXQ,NC,Dochter,MS,1,2
R_2ahr35BgDFrxQXQ,NC,Dochter,MS,0,3
R_2ahr35BgDFrxQXQ,NC,Dochter,MS,1,4
R_2ahr35BgDFrxQXQ,NC,Dochter,MS,1,5
R_2ahr35BgDFrxQXQ,NC,Kamer,MS,1,1
R_2ahr35BgDFrxQXQ,NC,Kamer,MS,1,2
R_2ahr35BgDFrxQXQ,NC,Kamer,MS,0,3
R_2ahr35BgDFrxQXQ,NC,Kamer,MS,1,4
R_2ahr35BgDFrxQXQ,NC,Kamer,MS,1,5
R_2ahr35BgDFrxQXQ,NC,Oost,MS,0,1
R_2ahr35BgDFrxQXQ,NC,Oost,MS,1,2
R_2ahr35BgDFrxQXQ,NC,Oost,MS,1,3
R_2ahr35BgDFrxQXQ,NC,Oost,MS,1,4
R_2ahr35BgDFrxQXQ,NC,Oost,MS,0,5
R_2ahr35BgDFrxQXQ,NC,Brood,MS,1,1
R_2ahr35BgDFrxQXQ,NC,Brood,MS,1,2
R_2ahr35BgDFrxQXQ,NC,Brood,MS,1,3
R_2ahr35BgDFrxQXQ,NC,Brood,MS,1,4
R_2ahr35BgDFrxQXQ,NC,Brood,MS,1,5
R_2ahr35BgDFrxQXQ,NC,Poep,MS,0,1
R_2ahr35BgDFrxQXQ,NC,Poep,MS,1,2
R_2ahr35BgDFrxQXQ,NC,Poep,MS,1,3
R_2ahr35BgDFrxQXQ,NC,Poep,MS,1,4
R_2ahr35BgDFrxQXQ,NC,Poep,MS,0,5
R_2ahr35BgDFrxQXQ,NC,Zout,HS,1,1
R_2ahr35BgDFrxQXQ,NC,Zout,HS,0,2
R_2ahr35BgDFrxQXQ,NC,Zout,HS,0,3
R_2ahr35BgDFrxQXQ,NC,Zout,HS,1,4
R_2ahr35BgDFrxQXQ,NC,Zout,HS,1,5
R_2ahr35BgDFrxQXQ,NC,Verwijderen,HS,1,1
R_2ahr35BgDFrxQXQ,NC,Verwijderen,HS,1,2
R_2ahr35BgDFrxQXQ,NC,Verwijderen,HS,1,3
R_2ahr35BgDFrxQXQ,NC,Verwijderen,HS,0,4
R_2ahr35BgDFrxQXQ,NC,Verwijderen,HS,1,5
R_2ahr35BgDFrxQXQ,NC,Schop,HS,0,1
R_2ahr35BgDFrxQXQ,NC,Schop,HS,0,2
R_2ahr35BgDFrxQXQ,NC,Schop,HS,1,3
R_2ahr35BgDFrxQXQ,NC,Schop,HS,1,4
R_2ahr35BgDFrxQXQ,NC,Schop,HS,0,5
R_2ahr35BgDFrxQXQ,NC,Slaan,HS,0,1
R_2ahr35BgDFrxQXQ,NC,Slaan,HS,1,2
R_2ahr35BgDFrxQXQ,NC,Slaan,HS,0,3
R_2ahr35BgDFrxQXQ,NC,Slaan,HS,1,4
R_2ahr35BgDFrxQXQ,NC,Slaan,HS,1,5
R_2ahr35BgDFrxQXQ,NC,Rijstcake,HS,0,1
R_2ahr35BgDFrxQXQ,NC,Rijstcake,HS,0,2
R_2ahr35BgDFrxQXQ,NC,Rijstcake,HS,0,3
R_2ahr35BgDFrxQXQ,NC,Rijstcake,HS,1,4
R_2ahr35BgDFrxQXQ,NC,Rijstcake,HS,1,5
R_2ahr35BgDFrxQXQ,NC,Uitzetten,HS,1,1
R_2ahr35BgDFrxQXQ,NC,Uitzetten,HS,1,2
R_2ahr35BgDFrxQXQ,NC,Uitzetten,HS,1,3
R_2ahr35BgDFrxQXQ,NC,Uitzetten,HS,1,4
R_2ahr35BgDFrxQXQ,NC,Uitzetten,HS,1,5
R_2ahr35BgDFrxQXQ,NC,Kin,HS,0,1
R_2ahr35BgDFrxQXQ,NC,Kin,HS,1,2
R_2ahr35BgDFrxQXQ,NC,Kin,HS,1,3
R_2ahr35BgDFrxQXQ,NC,Kin,HS,1,4
R_2ahr35BgDFrxQXQ,NC,Kin,HS,0,5
R_2ahr35BgDFrxQXQ,NC,Groot,HS,0,1
R_2ahr35BgDFrxQXQ,NC,Groot,HS,0,2
R_2ahr35BgDFrxQXQ,NC,Groot,HS,1,3
R_2ahr35BgDFrxQXQ,NC,Groot,HS,0,4
R_2ahr35BgDFrxQXQ,NC,Groot,HS,0,5
R_2tmr2CIP4FlzH9I,C,Studeren,NS,0,1
R_2tmr2CIP4FlzH9I,C,Studeren,NS,0,2
R_2tmr2CIP4FlzH9I,C,Studeren,NS,0,3
R_2tmr2CIP4FlzH9I,C,Studeren,NS,1,4
R_2tmr2CIP4FlzH9I,C,Studeren,NS,1,5
R_2tmr2CIP4FlzH9I,C,Stoel,NS,0,1
R_2tmr2CIP4FlzH9I,C,Stoel,NS,1,2
R_2tmr2CIP4FlzH9I,C,Stoel,NS,1,3
R_2tmr2CIP4FlzH9I,C,Stoel,NS,1,4
R_2tmr2CIP4FlzH9I,C,Stoel,NS,1,5
R_2tmr2CIP4FlzH9I,C,Varken,NS,0,1
R_2tmr2CIP4FlzH9I,C,Varken,NS,1,2
R_2tmr2CIP4FlzH9I,C,Varken,NS,0,3
R_2tmr2CIP4FlzH9I,C,Varken,NS,0,4
R_2tmr2CIP4FlzH9I,C,Varken,NS,1,5
R_2tmr2CIP4FlzH9I,C,Eten,NS,1,1
R_2tmr2CIP4FlzH9I,C,Eten,NS,1,2
R_2tmr2CIP4FlzH9I,C,Eten,NS,1,3
R_2tmr2CIP4FlzH9I,C,Eten,NS,1,4
R_2tmr2CIP4FlzH9I,C,Eten,NS,1,5
R_2tmr2CIP4FlzH9I,C,Fruit,NS,0,1
R_2tmr2CIP4FlzH9I,C,Fruit,NS,1,2
R_2tmr2CIP4FlzH9I,C,Fruit,NS,1,3
R_2tmr2CIP4FlzH9I,C,Fruit,NS,0,4
R_2tmr2CIP4FlzH9I,C,Fruit,NS,0,5
R_2tmr2CIP4FlzH9I,C,Stad,NS,0,1
R_2tmr2CIP4FlzH9I,C,Stad,NS,0,2
R_2tmr2CIP4FlzH9I,C,Stad,NS,1,3
R_2tmr2CIP4FlzH9I,C,Stad,NS,1,4
R_2tmr2CIP4FlzH9I,C,Stad,NS,1,5
R_2tmr2CIP4FlzH9I,C,Cafe,NS,1,1
R_2tmr2CIP4FlzH9I,C,Cafe,NS,1,2
R_2tmr2CIP4FlzH9I,C,Cafe,NS,1,3
R_2tmr2CIP4FlzH9I,C,Cafe,NS,1,4
R_2tmr2CIP4FlzH9I,C,Cafe,NS,1,5
R_2tmr2CIP4FlzH9I,C,Zomer,NS,1,1
R_2tmr2CIP4FlzH9I,C,Zomer,NS,1,2
R_2tmr2CIP4FlzH9I,C,Zomer,NS,1,3
R_2tmr2CIP4FlzH9I,C,Zomer,NS,0,4
R_2tmr2CIP4FlzH9I,C,Zomer,NS,1,5
R_2tmr2CIP4FlzH9I,C,Kopen,MS,0,1
R_2tmr2CIP4FlzH9I,C,Kopen,MS,0,2
R_2tmr2CIP4FlzH9I,C,Kopen,MS,0,3
R_2tmr2CIP4FlzH9I,C,Kopen,MS,0,4
R_2tmr2CIP4FlzH9I,C,Kopen,MS,0,5
R_2tmr2CIP4FlzH9I,C,Goedkoop,MS,0,1
R_2tmr2CIP4FlzH9I,C,Goedkoop,MS,0,2
R_2tmr2CIP4FlzH9I,C,Goedkoop,MS,0,3
R_2tmr2CIP4FlzH9I,C,Goedkoop,MS,1,4
R_2tmr2CIP4FlzH9I,C,Goedkoop,MS,1,5
R_2tmr2CIP4FlzH9I,C,Maand,MS,1,1
R_2tmr2CIP4FlzH9I,C,Maand,MS,1,2
R_2tmr2CIP4FlzH9I,C,Maand,MS,0,3
R_2tmr2CIP4FlzH9I,C,Maand,MS,0,4
R_2tmr2CIP4FlzH9I,C,Maand,MS,1,5
R_2tmr2CIP4FlzH9I,C,Dochter,MS,1,1
R_2tmr2CIP4FlzH9I,C,Dochter,MS,0,2
R_2tmr2CIP4FlzH9I,C,Dochter,MS,0,3
R_2tmr2CIP4FlzH9I,C,Dochter,MS,0,4
R_2tmr2CIP4FlzH9I,C,Dochter,MS,1,5
R_2tmr2CIP4FlzH9I,C,Kamer,MS,1,1
R_2tmr2CIP4FlzH9I,C,Kamer,MS,1,2
R_2tmr2CIP4FlzH9I,C,Kamer,MS,1,3
R_2tmr2CIP4FlzH9I,C,Kamer,MS,0,4
R_2tmr2CIP4FlzH9I,C,Kamer,MS,1,5
R_2tmr2CIP4FlzH9I,C,Brood,MS,0,1
R_2tmr2CIP4FlzH9I,C,Brood,MS,1,2
R_2tmr2CIP4FlzH9I,C,Brood,MS,1,3
R_2tmr2CIP4FlzH9I,C,Brood,MS,1,4
R_2tmr2CIP4FlzH9I,C,Brood,MS,1,5
R_2tmr2CIP4FlzH9I,C,Oost,MS,1,1
R_2tmr2CIP4FlzH9I,C,Oost,MS,1,2
R_2tmr2CIP4FlzH9I,C,Oost,MS,1,3
R_2tmr2CIP4FlzH9I,C,Oost,MS,1,4
R_2tmr2CIP4FlzH9I,C,Oost,MS,1,5
R_2tmr2CIP4FlzH9I,C,Poep,MS,1,1
R_2tmr2CIP4FlzH9I,C,Poep,MS,1,2
R_2tmr2CIP4FlzH9I,C,Poep,MS,0,3
R_2tmr2CIP4FlzH9I,C,Poep,MS,1,4
R_2tmr2CIP4FlzH9I,C,Poep,MS,1,5
R_2tmr2CIP4FlzH9I,C,Zout,HS,0,1
R_2tmr2CIP4FlzH9I,C,Zout,HS,1,2
R_2tmr2CIP4FlzH9I,C,Zout,HS,0,3
R_2tmr2CIP4FlzH9I,C,Zout,HS,0,4
R_2tmr2CIP4FlzH9I,C,Zout,HS,0,5
R_2tmr2CIP4FlzH9I,C,Schop,HS,1,1
R_2tmr2CIP4FlzH9I,C,Schop,HS,0,2
R_2tmr2CIP4FlzH9I,C,Schop,HS,0,3
R_2tmr2CIP4FlzH9I,C,Schop,HS,0,4
R_2tmr2CIP4FlzH9I,C,Schop,HS,1,5
R_2tmr2CIP4FlzH9I,C,Verwijderen,HS,0,1
R_2tmr2CIP4FlzH9I,C,Verwijderen,HS,1,2
R_2tmr2CIP4FlzH9I,C,Verwijderen,HS,0,3
R_2tmr2CIP4FlzH9I,C,Verwijderen,HS,1,4
R_2tmr2CIP4FlzH9I,C,Verwijderen,HS,1,5
R_2tmr2CIP4FlzH9I,C,Slaan,HS,1,1
R_2tmr2CIP4FlzH9I,C,Slaan,HS,1,2
R_2tmr2CIP4FlzH9I,C,Slaan,HS,0,3
R_2tmr2CIP4FlzH9I,C,Slaan,HS,0,4
R_2tmr2CIP4FlzH9I,C,Slaan,HS,0,5
R_2tmr2CIP4FlzH9I,C,Rijstcake,HS,1,1
R_2tmr2CIP4FlzH9I,C,Rijstcake,HS,0,2
R_2tmr2CIP4FlzH9I,C,Rijstcake,HS,0,3
R_2tmr2CIP4FlzH9I,C,Rijstcake,HS,1,4
R_2tmr2CIP4FlzH9I,C,Rijstcake,HS,1,5
R_2tmr2CIP4FlzH9I,C,Kin,HS,1,1
R_2tmr2CIP4FlzH9I,C,Kin,HS,0,2
R_2tmr2CIP4FlzH9I,C,Kin,HS,1,3
R_2tmr2CIP4FlzH9I,C,Kin,HS,1,4
R_2tmr2CIP4FlzH9I,C,Kin,HS,0,5
R_2tmr2CIP4FlzH9I,C,Uitzetten,HS,0,1
R_2tmr2CIP4FlzH9I,C,Uitzetten,HS,0,2
R_2tmr2CIP4FlzH9I,C,Uitzetten,HS,1,3
R_2tmr2CIP4FlzH9I,C,Uitzetten,HS,0,4
R_2tmr2CIP4FlzH9I,C,Uitzetten,HS,0,5
R_2tmr2CIP4FlzH9I,C,Groot,HS,1,1
R_2tmr2CIP4FlzH9I,C,Groot,HS,1,2
R_2tmr2CIP4FlzH9I,C,Groot,HS,0,3
R_2tmr2CIP4FlzH9I,C,Groot,HS,0,4
R_2tmr2CIP4FlzH9I,C,Groot,HS,0,5
R_yEh6ugQCRk48ruh,NC,Studeren,NS,1,1
R_yEh6ugQCRk48ruh,NC,Studeren,NS,1,2
R_yEh6ugQCRk48ruh,NC,Studeren,NS,1,3
R_yEh6ugQCRk48ruh,NC,Studeren,NS,1,4
R_yEh6ugQCRk48ruh,NC,Studeren,NS,1,5
R_yEh6ugQCRk48ruh,NC,Stoel,NS,1,1
R_yEh6ugQCRk48ruh,NC,Stoel,NS,1,2
R_yEh6ugQCRk48ruh,NC,Stoel,NS,1,3
R_yEh6ugQCRk48ruh,NC,Stoel,NS,1,4
R_yEh6ugQCRk48ruh,NC,Stoel,NS,1,5
R_yEh6ugQCRk48ruh,NC,Varken,NS,1,1
R_yEh6ugQCRk48ruh,NC,Varken,NS,1,2
R_yEh6ugQCRk48ruh,NC,Varken,NS,1,3
R_yEh6ugQCRk48ruh,NC,Varken,NS,1,4
R_yEh6ugQCRk48ruh,NC,Varken,NS,1,5
R_yEh6ugQCRk48ruh,NC,Eten,NS,1,1
R_yEh6ugQCRk48ruh,NC,Eten,NS,1,2
R_yEh6ugQCRk48ruh,NC,Eten,NS,1,3
R_yEh6ugQCRk48ruh,NC,Eten,NS,1,4
R_yEh6ugQCRk48ruh,NC,Eten,NS,1,5
R_yEh6ugQCRk48ruh,NC,Fruit,NS,1,1
R_yEh6ugQCRk48ruh,NC,Fruit,NS,1,2
R_yEh6ugQCRk48ruh,NC,Fruit,NS,1,3
R_yEh6ugQCRk48ruh,NC,Fruit,NS,1,4
R_yEh6ugQCRk48ruh,NC,Fruit,NS,1,5
R_yEh6ugQCRk48ruh,NC,Stad,NS,1,1
R_yEh6ugQCRk48ruh,NC,Stad,NS,1,2
R_yEh6ugQCRk48ruh,NC,Stad,NS,1,3
R_yEh6ugQCRk48ruh,NC,Stad,NS,1,4
R_yEh6ugQCRk48ruh,NC,Stad,NS,1,5
R_yEh6ugQCRk48ruh,NC,Cafe,NS,1,1
R_yEh6ugQCRk48ruh,NC,Cafe,NS,1,2
R_yEh6ugQCRk48ruh,NC,Cafe,NS,1,3
R_yEh6ugQCRk48ruh,NC,Cafe,NS,1,4
R_yEh6ugQCRk48ruh,NC,Cafe,NS,1,5
R_yEh6ugQCRk48ruh,NC,Zomer,NS,1,1
R_yEh6ugQCRk48ruh,NC,Zomer,NS,1,2
R_yEh6ugQCRk48ruh,NC,Zomer,NS,1,3
R_yEh6ugQCRk48ruh,NC,Zomer,NS,1,4
R_yEh6ugQCRk48ruh,NC,Zomer,NS,1,5
R_yEh6ugQCRk48ruh,NC,Kopen,MS,1,1
R_yEh6ugQCRk48ruh,NC,Kopen,MS,1,2
R_yEh6ugQCRk48ruh,NC,Kopen,MS,1,3
R_yEh6ugQCRk48ruh,NC,Kopen,MS,1,4
R_yEh6ugQCRk48ruh,NC,Kopen,MS,1,5
R_yEh6ugQCRk48ruh,NC,Maand,MS,1,1
R_yEh6ugQCRk48ruh,NC,Maand,MS,1,2
R_yEh6ugQCRk48ruh,NC,Maand,MS,1,3
R_yEh6ugQCRk48ruh,NC,Maand,MS,1,4
R_yEh6ugQCRk48ruh,NC,Maand,MS,1,5
R_yEh6ugQCRk48ruh,NC,Goedkoop,MS,1,1
R_yEh6ugQCRk48ruh,NC,Goedkoop,MS,1,2
R_yEh6ugQCRk48ruh,NC,Goedkoop,MS,1,3
R_yEh6ugQCRk48ruh,NC,Goedkoop,MS,1,4
R_yEh6ugQCRk48ruh,NC,Goedkoop,MS,1,5
R_yEh6ugQCRk48ruh,NC,Dochter,MS,1,1
R_yEh6ugQCRk48ruh,NC,Dochter,MS,1,2
R_yEh6ugQCRk48ruh,NC,Dochter,MS,1,3
R_yEh6ugQCRk48ruh,NC,Dochter,MS,1,4
R_yEh6ugQCRk48ruh,NC,Dochter,MS,1,5
R_yEh6ugQCRk48ruh,NC,Kamer,MS,1,1
R_yEh6ugQCRk48ruh,NC,Kamer,MS,1,2
R_yEh6ugQCRk48ruh,NC,Kamer,MS,1,3
R_yEh6ugQCRk48ruh,NC,Kamer,MS,1,4
R_yEh6ugQCRk48ruh,NC,Kamer,MS,1,5
R_yEh6ugQCRk48ruh,NC,Oost,MS,1,1
R_yEh6ugQCRk48ruh,NC,Oost,MS,1,2
R_yEh6ugQCRk48ruh,NC,Oost,MS,1,3
R_yEh6ugQCRk48ruh,NC,Oost,MS,0,4
R_yEh6ugQCRk48ruh,NC,Oost,MS,1,5
R_yEh6ugQCRk48ruh,NC,Brood,MS,1,1
R_yEh6ugQCRk48ruh,NC,Brood,MS,1,2
R_yEh6ugQCRk48ruh,NC,Brood,MS,1,3
R_yEh6ugQCRk48ruh,NC,Brood,MS,1,4
R_yEh6ugQCRk48ruh,NC,Brood,MS,1,5
R_yEh6ugQCRk48ruh,NC,Poep,MS,1,1
R_yEh6ugQCRk48ruh,NC,Poep,MS,1,2
R_yEh6ugQCRk48ruh,NC,Poep,MS,1,3
R_yEh6ugQCRk48ruh,NC,Poep,MS,1,4
R_yEh6ugQCRk48ruh,NC,Poep,MS,1,5
R_yEh6ugQCRk48ruh,NC,Zout,HS,1,1
R_yEh6ugQCRk48ruh,NC,Zout,HS,1,2
R_yEh6ugQCRk48ruh,NC,Zout,HS,1,3
R_yEh6ugQCRk48ruh,NC,Zout,HS,1,4
R_yEh6ugQCRk48ruh,NC,Zout,HS,1,5
R_yEh6ugQCRk48ruh,NC,Verwijderen,HS,0,1
R_yEh6ugQCRk48ruh,NC,Verwijderen,HS,1,2
R_yEh6ugQCRk48ruh,NC,Verwijderen,HS,1,3
R_yEh6ugQCRk48ruh,NC,Verwijderen,HS,1,4
R_yEh6ugQCRk48ruh,NC,Verwijderen,HS,1,5
R_yEh6ugQCRk48ruh,NC,Schop,HS,1,1
R_yEh6ugQCRk48ruh,NC,Schop,HS,1,2
R_yEh6ugQCRk48ruh,NC,Schop,HS,1,3
R_yEh6ugQCRk48ruh,NC,Schop,HS,1,4
R_yEh6ugQCRk48ruh,NC,Schop,HS,1,5
R_yEh6ugQCRk48ruh,NC,Slaan,HS,1,1
R_yEh6ugQCRk48ruh,NC,Slaan,HS,1,2
R_yEh6ugQCRk48ruh,NC,Slaan,HS,1,3
R_yEh6ugQCRk48ruh,NC,Slaan,HS,1,4
R_yEh6ugQCRk48ruh,NC,Slaan,HS,1,5
R_yEh6ugQCRk48ruh,NC,Rijstcake,HS,1,1
R_yEh6ugQCRk48ruh,NC,Rijstcake,HS,1,2
R_yEh6ugQCRk48ruh,NC,Rijstcake,HS,1,3
R_yEh6ugQCRk48ruh,NC,Rijstcake,HS,1,4
R_yEh6ugQCRk48ruh,NC,Rijstcake,HS,1,5
R_yEh6ugQCRk48ruh,NC,Uitzetten,HS,1,1
R_yEh6ugQCRk48ruh,NC,Uitzetten,HS,1,2
R_yEh6ugQCRk48ruh,NC,Uitzetten,HS,1,3
R_yEh6ugQCRk48ruh,NC,Uitzetten,HS,1,4
R_yEh6ugQCRk48ruh,NC,Uitzetten,HS,1,5
R_yEh6ugQCRk48ruh,NC,Kin,HS,1,1
R_yEh6ugQCRk48ruh,NC,Kin,HS,1,2
R_yEh6ugQCRk48ruh,NC,Kin,HS,1,3
R_yEh6ugQCRk48ruh,NC,Kin,HS,1,4
R_yEh6ugQCRk48ruh,NC,Kin,HS,1,5
R_yEh6ugQCRk48ruh,NC,Groot,HS,1,1
R_yEh6ugQCRk48ruh,NC,Groot,HS,1,2
R_yEh6ugQCRk48ruh,NC,Groot,HS,1,3
R_yEh6ugQCRk48ruh,NC,Groot,HS,1,4
R_yEh6ugQCRk48ruh,NC,Groot,HS,1,5
R_3MfLrbbpPdn1FwO,NC,Studeren,NS,0,1
R_3MfLrbbpPdn1FwO,NC,Studeren,NS,0,2
R_3MfLrbbpPdn1FwO,NC,Studeren,NS,1,3
R_3MfLrbbpPdn1FwO,NC,Studeren,NS,1,4
R_3MfLrbbpPdn1FwO,NC,Studeren,NS,0,5
R_3MfLrbbpPdn1FwO,NC,Stoel,NS,0,1
R_3MfLrbbpPdn1FwO,NC,Stoel,NS,1,2
R_3MfLrbbpPdn1FwO,NC,Stoel,NS,1,3
R_3MfLrbbpPdn1FwO,NC,Stoel,NS,1,4
R_3MfLrbbpPdn1FwO,NC,Stoel,NS,1,5
R_3MfLrbbpPdn1FwO,NC,Varken,NS,1,1
R_3MfLrbbpPdn1FwO,NC,Varken,NS,1,2
R_3MfLrbbpPdn1FwO,NC,Varken,NS,1,3
R_3MfLrbbpPdn1FwO,NC,Varken,NS,1,4
R_3MfLrbbpPdn1FwO,NC,Varken,NS,1,5
R_3MfLrbbpPdn1FwO,NC,Eten,NS,0,1
R_3MfLrbbpPdn1FwO,NC,Eten,NS,1,2
R_3MfLrbbpPdn1FwO,NC,Eten,NS,1,3
R_3MfLrbbpPdn1FwO,NC,Eten,NS,1,4
R_3MfLrbbpPdn1FwO,NC,Eten,NS,1,5
R_3MfLrbbpPdn1FwO,NC,Fruit,NS,1,1
R_3MfLrbbpPdn1FwO,NC,Fruit,NS,0,2
R_3MfLrbbpPdn1FwO,NC,Fruit,NS,1,3
R_3MfLrbbpPdn1FwO,NC,Fruit,NS,1,4
R_3MfLrbbpPdn1FwO,NC,Fruit,NS,1,5
R_3MfLrbbpPdn1FwO,NC,Stad,NS,1,1
R_3MfLrbbpPdn1FwO,NC,Stad,NS,1,2
R_3MfLrbbpPdn1FwO,NC,Stad,NS,0,3
R_3MfLrbbpPdn1FwO,NC,Stad,NS,1,4
R_3MfLrbbpPdn1FwO,NC,Stad,NS,1,5
R_3MfLrbbpPdn1FwO,NC,Cafe,NS,1,1
R_3MfLrbbpPdn1FwO,NC,Cafe,NS,1,2
R_3MfLrbbpPdn1FwO,NC,Cafe,NS,1,3
R_3MfLrbbpPdn1FwO,NC,Cafe,NS,1,4
R_3MfLrbbpPdn1FwO,NC,Cafe,NS,1,5
R_3MfLrbbpPdn1FwO,NC,Zomer,NS,1,1
R_3MfLrbbpPdn1FwO,NC,Zomer,NS,1,2
R_3MfLrbbpPdn1FwO,NC,Zomer,NS,1,3
R_3MfLrbbpPdn1FwO,NC,Zomer,NS,1,4
R_3MfLrbbpPdn1FwO,NC,Zomer,NS,1,5
R_3MfLrbbpPdn1FwO,NC,Kopen,MS,1,1
R_3MfLrbbpPdn1FwO,NC,Kopen,MS,1,2
R_3MfLrbbpPdn1FwO,NC,Kopen,MS,1,3
R_3MfLrbbpPdn1FwO,NC,Kopen,MS,1,4
R_3MfLrbbpPdn1FwO,NC,Kopen,MS,1,5
R_3MfLrbbpPdn1FwO,NC,Maand,MS,0,1
R_3MfLrbbpPdn1FwO,NC,Maand,MS,0,2
R_3MfLrbbpPdn1FwO,NC,Maand,MS,1,3
R_3MfLrbbpPdn1FwO,NC,Maand,MS,1,4
R_3MfLrbbpPdn1FwO,NC,Maand,MS,1,5
R_3MfLrbbpPdn1FwO,NC,Goedkoop,MS,0,1
R_3MfLrbbpPdn1FwO,NC,Goedkoop,MS,1,2
R_3MfLrbbpPdn1FwO,NC,Goedkoop,MS,0,3
R_3MfLrbbpPdn1FwO,NC,Goedkoop,MS,0,4
R_3MfLrbbpPdn1FwO,NC,Goedkoop,MS,1,5
R_3MfLrbbpPdn1FwO,NC,Dochter,MS,1,1
R_3MfLrbbpPdn1FwO,NC,Dochter,MS,1,2
R_3MfLrbbpPdn1FwO,NC,Dochter,MS,0,3
R_3MfLrbbpPdn1FwO,NC,Dochter,MS,0,4
R_3MfLrbbpPdn1FwO,NC,Dochter,MS,1,5
R_3MfLrbbpPdn1FwO,NC,Kamer,MS,1,1
R_3MfLrbbpPdn1FwO,NC,Kamer,MS,1,2
R_3MfLrbbpPdn1FwO,NC,Kamer,MS,1,3
R_3MfLrbbpPdn1FwO,NC,Kamer,MS,1,4
R_3MfLrbbpPdn1FwO,NC,Kamer,MS,0,5
R_3MfLrbbpPdn1FwO,NC,Oost,MS,1,1
R_3MfLrbbpPdn1FwO,NC,Oost,MS,1,2
R_3MfLrbbpPdn1FwO,NC,Oost,MS,1,3
R_3MfLrbbpPdn1FwO,NC,Oost,MS,1,4
R_3MfLrbbpPdn1FwO,NC,Oost,MS,1,5
R_3MfLrbbpPdn1FwO,NC,Brood,MS,1,1
R_3MfLrbbpPdn1FwO,NC,Brood,MS,1,2
R_3MfLrbbpPdn1FwO,NC,Brood,MS,1,3
R_3MfLrbbpPdn1FwO,NC,Brood,MS,0,4
R_3MfLrbbpPdn1FwO,NC,Brood,MS,0,5
R_3MfLrbbpPdn1FwO,NC,Poep,MS,1,1
R_3MfLrbbpPdn1FwO,NC,Poep,MS,0,2
R_3MfLrbbpPdn1FwO,NC,Poep,MS,1,3
R_3MfLrbbpPdn1FwO,NC,Poep,MS,1,4
R_3MfLrbbpPdn1FwO,NC,Poep,MS,0,5
R_3MfLrbbpPdn1FwO,NC,Zout,HS,0,1
R_3MfLrbbpPdn1FwO,NC,Zout,HS,0,2
R_3MfLrbbpPdn1FwO,NC,Zout,HS,0,3
R_3MfLrbbpPdn1FwO,NC,Zout,HS,0,4
R_3MfLrbbpPdn1FwO,NC,Zout,HS,1,5
R_3MfLrbbpPdn1FwO,NC,Verwijderen,HS,1,1
R_3MfLrbbpPdn1FwO,NC,Verwijderen,HS,1,2
R_3MfLrbbpPdn1FwO,NC,Verwijderen,HS,1,3
R_3MfLrbbpPdn1FwO,NC,Verwijderen,HS,0,4
R_3MfLrbbpPdn1FwO,NC,Verwijderen,HS,0,5
R_3MfLrbbpPdn1FwO,NC,Schop,HS,0,1
R_3MfLrbbpPdn1FwO,NC,Schop,HS,0,2
R_3MfLrbbpPdn1FwO,NC,Schop,HS,0,3
R_3MfLrbbpPdn1FwO,NC,Schop,HS,1,4
R_3MfLrbbpPdn1FwO,NC,Schop,HS,1,5
R_3MfLrbbpPdn1FwO,NC,Slaan,HS,1,1
R_3MfLrbbpPdn1FwO,NC,Slaan,HS,1,2
R_3MfLrbbpPdn1FwO,NC,Slaan,HS,0,3
R_3MfLrbbpPdn1FwO,NC,Slaan,HS,0,4
R_3MfLrbbpPdn1FwO,NC,Slaan,HS,0,5
R_3MfLrbbpPdn1FwO,NC,Rijstcake,HS,0,1
R_3MfLrbbpPdn1FwO,NC,Rijstcake,HS,1,2
R_3MfLrbbpPdn1FwO,NC,Rijstcake,HS,1,3
R_3MfLrbbpPdn1FwO,NC,Rijstcake,HS,0,4
R_3MfLrbbpPdn1FwO,NC,Rijstcake,HS,1,5
R_3MfLrbbpPdn1FwO,NC,Uitzetten,HS,1,1
R_3MfLrbbpPdn1FwO,NC,Uitzetten,HS,1,2
R_3MfLrbbpPdn1FwO,NC,Uitzetten,HS,1,3
R_3MfLrbbpPdn1FwO,NC,Uitzetten,HS,1,4
R_3MfLrbbpPdn1FwO,NC,Uitzetten,HS,1,5
R_3MfLrbbpPdn1FwO,NC,Kin,HS,0,1
R_3MfLrbbpPdn1FwO,NC,Kin,HS,0,2
R_3MfLrbbpPdn1FwO,NC,Kin,HS,1,3
R_3MfLrbbpPdn1FwO,NC,Kin,HS,0,4
R_3MfLrbbpPdn1FwO,NC,Kin,HS,0,5
R_3MfLrbbpPdn1FwO,NC,Groot,HS,0,1
R_3MfLrbbpPdn1FwO,NC,Groot,HS,0,2
R_3MfLrbbpPdn1FwO,NC,Groot,HS,0,3
R_3MfLrbbpPdn1FwO,NC,Groot,HS,1,4
R_3MfLrbbpPdn1FwO,NC,Groot,HS,1,5
R_a42DydWSk0H6jjr,C,Studeren,NS,1,1
R_a42DydWSk0H6jjr,C,Studeren,NS,0,2
R_a42DydWSk0H6jjr,C,Studeren,NS,1,3
R_a42DydWSk0H6jjr,C,Studeren,NS,1,4
R_a42DydWSk0H6jjr,C,Studeren,NS,1,5
R_a42DydWSk0H6jjr,C,Stoel,NS,0,1
R_a42DydWSk0H6jjr,C,Stoel,NS,0,2
R_a42DydWSk0H6jjr,C,Stoel,NS,1,3
R_a42DydWSk0H6jjr,C,Stoel,NS,1,4
R_a42DydWSk0H6jjr,C,Stoel,NS,1,5
R_a42DydWSk0H6jjr,C,Varken,NS,1,1
R_a42DydWSk0H6jjr,C,Varken,NS,1,2
R_a42DydWSk0H6jjr,C,Varken,NS,1,3
R_a42DydWSk0H6jjr,C,Varken,NS,1,4
R_a42DydWSk0H6jjr,C,Varken,NS,1,5
R_a42DydWSk0H6jjr,C,Eten,NS,0,1
R_a42DydWSk0H6jjr,C,Eten,NS,0,2
R_a42DydWSk0H6jjr,C,Eten,NS,1,3
R_a42DydWSk0H6jjr,C,Eten,NS,1,4
R_a42DydWSk0H6jjr,C,Eten,NS,1,5
R_a42DydWSk0H6jjr,C,Fruit,NS,1,1
R_a42DydWSk0H6jjr,C,Fruit,NS,1,2
R_a42DydWSk0H6jjr,C,Fruit,NS,1,3
R_a42DydWSk0H6jjr,C,Fruit,NS,1,4
R_a42DydWSk0H6jjr,C,Fruit,NS,1,5
R_a42DydWSk0H6jjr,C,Stad,NS,1,1
R_a42DydWSk0H6jjr,C,Stad,NS,1,2
R_a42DydWSk0H6jjr,C,Stad,NS,1,3
R_a42DydWSk0H6jjr,C,Stad,NS,1,4
R_a42DydWSk0H6jjr,C,Stad,NS,1,5
R_a42DydWSk0H6jjr,C,Cafe,NS,1,1
R_a42DydWSk0H6jjr,C,Cafe,NS,1,2
R_a42DydWSk0H6jjr,C,Cafe,NS,1,3
R_a42DydWSk0H6jjr,C,Cafe,NS,1,4
R_a42DydWSk0H6jjr,C,Cafe,NS,1,5
R_a42DydWSk0H6jjr,C,Zomer,NS,1,1
R_a42DydWSk0H6jjr,C,Zomer,NS,1,2
R_a42DydWSk0H6jjr,C,Zomer,NS,1,3
R_a42DydWSk0H6jjr,C,Zomer,NS,1,4
R_a42DydWSk0H6jjr,C,Zomer,NS,1,5
R_a42DydWSk0H6jjr,C,Kopen,MS,0,1
R_a42DydWSk0H6jjr,C,Kopen,MS,0,2
R_a42DydWSk0H6jjr,C,Kopen,MS,1,3
R_a42DydWSk0H6jjr,C,Kopen,MS,1,4
R_a42DydWSk0H6jjr,C,Kopen,MS,1,5
R_a42DydWSk0H6jjr,C,Goedkoop,MS,1,1
R_a42DydWSk0H6jjr,C,Goedkoop,MS,1,2
R_a42DydWSk0H6jjr,C,Goedkoop,MS,1,3
R_a42DydWSk0H6jjr,C,Goedkoop,MS,1,4
R_a42DydWSk0H6jjr,C,Goedkoop,MS,1,5
R_a42DydWSk0H6jjr,C,Maand,MS,1,1
R_a42DydWSk0H6jjr,C,Maand,MS,0,2
R_a42DydWSk0H6jjr,C,Maand,MS,0,3
R_a42DydWSk0H6jjr,C,Maand,MS,0,4
R_a42DydWSk0H6jjr,C,Maand,MS,0,5
R_a42DydWSk0H6jjr,C,Dochter,MS,0,1
R_a42DydWSk0H6jjr,C,Dochter,MS,1,2
R_a42DydWSk0H6jjr,C,Dochter,MS,1,3
R_a42DydWSk0H6jjr,C,Dochter,MS,1,4
R_a42DydWSk0H6jjr,C,Dochter,MS,1,5
R_a42DydWSk0H6jjr,C,Kamer,MS,0,1
R_a42DydWSk0H6jjr,C,Kamer,MS,1,2
R_a42DydWSk0H6jjr,C,Kamer,MS,1,3
R_a42DydWSk0H6jjr,C,Kamer,MS,1,4
R_a42DydWSk0H6jjr,C,Kamer,MS,1,5
R_a42DydWSk0H6jjr,C,Brood,MS,0,1
R_a42DydWSk0H6jjr,C,Brood,MS,0,2
R_a42DydWSk0H6jjr,C,Brood,MS,1,3
R_a42DydWSk0H6jjr,C,Brood,MS,1,4
R_a42DydWSk0H6jjr,C,Brood,MS,1,5
R_a42DydWSk0H6jjr,C,Oost,MS,0,1
R_a42DydWSk0H6jjr,C,Oost,MS,1,2
R_a42DydWSk0H6jjr,C,Oost,MS,0,3
R_a42DydWSk0H6jjr,C,Oost,MS,1,4
R_a42DydWSk0H6jjr,C,Oost,MS,1,5
R_a42DydWSk0H6jjr,C,Poep,MS,0,1
R_a42DydWSk0H6jjr,C,Poep,MS,0,2
R_a42DydWSk0H6jjr,C,Poep,MS,1,3
R_a42DydWSk0H6jjr,C,Poep,MS,1,4
R_a42DydWSk0H6jjr,C,Poep,MS,1,5
R_a42DydWSk0H6jjr,C,Zout,HS,0,1
R_a42DydWSk0H6jjr,C,Zout,HS,0,2
R_a42DydWSk0H6jjr,C,Zout,HS,1,3
R_a42DydWSk0H6jjr,C,Zout,HS,1,4
R_a42DydWSk0H6jjr,C,Zout,HS,1,5
R_a42DydWSk0H6jjr,C,Schop,HS,0,1
R_a42DydWSk0H6jjr,C,Schop,HS,1,2
R_a42DydWSk0H6jjr,C,Schop,HS,0,3
R_a42DydWSk0H6jjr,C,Schop,HS,1,4
R_a42DydWSk0H6jjr,C,Schop,HS,0,5
R_a42DydWSk0H6jjr,C,Verwijderen,HS,0,1
R_a42DydWSk0H6jjr,C,Verwijderen,HS,0,2
R_a42DydWSk0H6jjr,C,Verwijderen,HS,1,3
R_a42DydWSk0H6jjr,C,Verwijderen,HS,0,4
R_a42DydWSk0H6jjr,C,Verwijderen,HS,0,5
R_a42DydWSk0H6jjr,C,Slaan,HS,0,1
R_a42DydWSk0H6jjr,C,Slaan,HS,1,2
R_a42DydWSk0H6jjr,C,Slaan,HS,1,3
R_a42DydWSk0H6jjr,C,Slaan,HS,1,4
R_a42DydWSk0H6jjr,C,Slaan,HS,1,5
R_a42DydWSk0H6jjr,C,Rijstcake,HS,1,1
R_a42DydWSk0H6jjr,C,Rijstcake,HS,0,2
R_a42DydWSk0H6jjr,C,Rijstcake,HS,1,3
R_a42DydWSk0H6jjr,C,Rijstcake,HS,1,4
R_a42DydWSk0H6jjr,C,Rijstcake,HS,0,5
R_a42DydWSk0H6jjr,C,Kin,HS,0,1
R_a42DydWSk0H6jjr,C,Kin,HS,1,2
R_a42DydWSk0H6jjr,C,Kin,HS,1,3
R_a42DydWSk0H6jjr,C,Kin,HS,1,4
R_a42DydWSk0H6jjr,C,Kin,HS,1,5
R_a42DydWSk0H6jjr,C,Uitzetten,HS,1,1
R_a42DydWSk0H6jjr,C,Uitzetten,HS,1,2
R_a42DydWSk0H6jjr,C,Uitzetten,HS,1,3
R_a42DydWSk0H6jjr,C,Uitzetten,HS,1,4
R_a42DydWSk0H6jjr,C,Uitzetten,HS,1,5
R_a42DydWSk0H6jjr,C,Groot,HS,0,1
R_a42DydWSk0H6jjr,C,Groot,HS,1,2
R_a42DydWSk0H6jjr,C,Groot,HS,1,3
R_a42DydWSk0H6jjr,C,Groot,HS,1,4
R_a42DydWSk0H6jjr,C,Groot,HS,1,5
R_qVMV3Ut3QRMbT4B,NC,Studeren,NS,1,1
R_qVMV3Ut3QRMbT4B,NC,Studeren,NS,0,2
R_qVMV3Ut3QRMbT4B,NC,Studeren,NS,1,3
R_qVMV3Ut3QRMbT4B,NC,Studeren,NS,1,4
R_qVMV3Ut3QRMbT4B,NC,Studeren,NS,1,5
R_qVMV3Ut3QRMbT4B,NC,Stoel,NS,1,1
R_qVMV3Ut3QRMbT4B,NC,Stoel,NS,1,2
R_qVMV3Ut3QRMbT4B,NC,Stoel,NS,1,3
R_qVMV3Ut3QRMbT4B,NC,Stoel,NS,1,4
R_qVMV3Ut3QRMbT4B,NC,Stoel,NS,1,5
R_qVMV3Ut3QRMbT4B,NC,Varken,NS,1,1
R_qVMV3Ut3QRMbT4B,NC,Varken,NS,0,2
R_qVMV3Ut3QRMbT4B,NC,Varken,NS,0,3
R_qVMV3Ut3QRMbT4B,NC,Varken,NS,1,4
R_qVMV3Ut3QRMbT4B,NC,Varken,NS,1,5
R_qVMV3Ut3QRMbT4B,NC,Eten,NS,0,1
R_qVMV3Ut3QRMbT4B,NC,Eten,NS,0,2
R_qVMV3Ut3QRMbT4B,NC,Eten,NS,0,3
R_qVMV3Ut3QRMbT4B,NC,Eten,NS,1,4
R_qVMV3Ut3QRMbT4B,NC,Eten,NS,1,5
R_qVMV3Ut3QRMbT4B,NC,Fruit,NS,1,1
R_qVMV3Ut3QRMbT4B,NC,Fruit,NS,1,2
R_qVMV3Ut3QRMbT4B,NC,Fruit,NS,1,3
R_qVMV3Ut3QRMbT4B,NC,Fruit,NS,1,4
R_qVMV3Ut3QRMbT4B,NC,Fruit,NS,1,5
R_qVMV3Ut3QRMbT4B,NC,Stad,NS,1,1
R_qVMV3Ut3QRMbT4B,NC,Stad,NS,1,2
R_qVMV3Ut3QRMbT4B,NC,Stad,NS,1,3
R_qVMV3Ut3QRMbT4B,NC,Stad,NS,1,4
R_qVMV3Ut3QRMbT4B,NC,Stad,NS,1,5
R_qVMV3Ut3QRMbT4B,NC,Cafe,NS,1,1
R_qVMV3Ut3QRMbT4B,NC,Cafe,NS,1,2
R_qVMV3Ut3QRMbT4B,NC,Cafe,NS,1,3
R_qVMV3Ut3QRMbT4B,NC,Cafe,NS,1,4
R_qVMV3Ut3QRMbT4B,NC,Cafe,NS,1,5
R_qVMV3Ut3QRMbT4B,NC,Zomer,NS,0,1
R_qVMV3Ut3QRMbT4B,NC,Zomer,NS,1,2
R_qVMV3Ut3QRMbT4B,NC,Zomer,NS,1,3
R_qVMV3Ut3QRMbT4B,NC,Zomer,NS,1,4
R_qVMV3Ut3QRMbT4B,NC,Zomer,NS,1,5
R_qVMV3Ut3QRMbT4B,NC,Kopen,MS,1,1
R_qVMV3Ut3QRMbT4B,NC,Kopen,MS,1,2
R_qVMV3Ut3QRMbT4B,NC,Kopen,MS,1,3
R_qVMV3Ut3QRMbT4B,NC,Kopen,MS,1,4
R_qVMV3Ut3QRMbT4B,NC,Kopen,MS,1,5
R_qVMV3Ut3QRMbT4B,NC,Maand,MS,1,1
R_qVMV3Ut3QRMbT4B,NC,Maand,MS,1,2
R_qVMV3Ut3QRMbT4B,NC,Maand,MS,1,3
R_qVMV3Ut3QRMbT4B,NC,Maand,MS,1,4
R_qVMV3Ut3QRMbT4B,NC,Maand,MS,1,5
R_qVMV3Ut3QRMbT4B,NC,Goedkoop,MS,1,1
R_qVMV3Ut3QRMbT4B,NC,Goedkoop,MS,0,2
R_qVMV3Ut3QRMbT4B,NC,Goedkoop,MS,1,3
R_qVMV3Ut3QRMbT4B,NC,Goedkoop,MS,0,4
R_qVMV3Ut3QRMbT4B,NC,Goedkoop,MS,1,5
R_qVMV3Ut3QRMbT4B,NC,Dochter,MS,1,1
R_qVMV3Ut3QRMbT4B,NC,Dochter,MS,1,2
R_qVMV3Ut3QRMbT4B,NC,Dochter,MS,1,3
R_qVMV3Ut3QRMbT4B,NC,Dochter,MS,1,4
R_qVMV3Ut3QRMbT4B,NC,Dochter,MS,1,5
R_qVMV3Ut3QRMbT4B,NC,Kamer,MS,0,1
R_qVMV3Ut3QRMbT4B,NC,Kamer,MS,0,2
R_qVMV3Ut3QRMbT4B,NC,Kamer,MS,0,3
R_qVMV3Ut3QRMbT4B,NC,Kamer,MS,1,4
R_qVMV3Ut3QRMbT4B,NC,Kamer,MS,0,5
R_qVMV3Ut3QRMbT4B,NC,Oost,MS,1,1
R_qVMV3Ut3QRMbT4B,NC,Oost,MS,1,2
R_qVMV3Ut3QRMbT4B,NC,Oost,MS,1,3
R_qVMV3Ut3QRMbT4B,NC,Oost,MS,1,4
R_qVMV3Ut3QRMbT4B,NC,Oost,MS,1,5
R_qVMV3Ut3QRMbT4B,NC,Brood,MS,1,1
R_qVMV3Ut3QRMbT4B,NC,Brood,MS,1,2
R_qVMV3Ut3QRMbT4B,NC,Brood,MS,1,3
R_qVMV3Ut3QRMbT4B,NC,Brood,MS,1,4
R_qVMV3Ut3QRMbT4B,NC,Brood,MS,1,5
R_qVMV3Ut3QRMbT4B,NC,Poep,MS,1,1
R_qVMV3Ut3QRMbT4B,NC,Poep,MS,1,2
R_qVMV3Ut3QRMbT4B,NC,Poep,MS,1,3
R_qVMV3Ut3QRMbT4B,NC,Poep,MS,0,4
R_qVMV3Ut3QRMbT4B,NC,Poep,MS,1,5
R_qVMV3Ut3QRMbT4B,NC,Zout,HS,0,1
R_qVMV3Ut3QRMbT4B,NC,Zout,HS,1,2
R_qVMV3Ut3QRMbT4B,NC,Zout,HS,1,3
R_qVMV3Ut3QRMbT4B,NC,Zout,HS,0,4
R_qVMV3Ut3QRMbT4B,NC,Zout,HS,1,5
R_qVMV3Ut3QRMbT4B,NC,Verwijderen,HS,0,1
R_qVMV3Ut3QRMbT4B,NC,Verwijderen,HS,1,2
R_qVMV3Ut3QRMbT4B,NC,Verwijderen,HS,0,3
R_qVMV3Ut3QRMbT4B,NC,Verwijderen,HS,0,4
R_qVMV3Ut3QRMbT4B,NC,Verwijderen,HS,0,5
R_qVMV3Ut3QRMbT4B,NC,Schop,HS,0,1
R_qVMV3Ut3QRMbT4B,NC,Schop,HS,1,2
R_qVMV3Ut3QRMbT4B,NC,Schop,HS,1,3
R_qVMV3Ut3QRMbT4B,NC,Schop,HS,1,4
R_qVMV3Ut3QRMbT4B,NC,Schop,HS,1,5
R_qVMV3Ut3QRMbT4B,NC,Slaan,HS,1,1
R_qVMV3Ut3QRMbT4B,NC,Slaan,HS,1,2
R_qVMV3Ut3QRMbT4B,NC,Slaan,HS,1,3
R_qVMV3Ut3QRMbT4B,NC,Slaan,HS,0,4
R_qVMV3Ut3QRMbT4B,NC,Slaan,HS,1,5
R_qVMV3Ut3QRMbT4B,NC,Rijstcake,HS,0,1
R_qVMV3Ut3QRMbT4B,NC,Rijstcake,HS,1,2
R_qVMV3Ut3QRMbT4B,NC,Rijstcake,HS,0,3
R_qVMV3Ut3QRMbT4B,NC,Rijstcake,HS,0,4
R_qVMV3Ut3QRMbT4B,NC,Rijstcake,HS,0,5
R_qVMV3Ut3QRMbT4B,NC,Uitzetten,HS,1,1
R_qVMV3Ut3QRMbT4B,NC,Uitzetten,HS,1,2
R_qVMV3Ut3QRMbT4B,NC,Uitzetten,HS,1,3
R_qVMV3Ut3QRMbT4B,NC,Uitzetten,HS,1,4
R_qVMV3Ut3QRMbT4B,NC,Uitzetten,HS,1,5
R_qVMV3Ut3QRMbT4B,NC,Kin,HS,1,1
R_qVMV3Ut3QRMbT4B,NC,Kin,HS,1,2
R_qVMV3Ut3QRMbT4B,NC,Kin,HS,1,3
R_qVMV3Ut3QRMbT4B,NC,Kin,HS,1,4
R_qVMV3Ut3QRMbT4B,NC,Kin,HS,1,5
R_qVMV3Ut3QRMbT4B,NC,Groot,HS,1,1
R_qVMV3Ut3QRMbT4B,NC,Groot,HS,1,2
R_qVMV3Ut3QRMbT4B,NC,Groot,HS,1,3
R_qVMV3Ut3QRMbT4B,NC,Groot,HS,0,4
R_qVMV3Ut3QRMbT4B,NC,Groot,HS,1,5
R_vZGSqvS49x9uJcB,NC,Studeren,NS,1,1
R_vZGSqvS49x9uJcB,NC,Studeren,NS,1,2
R_vZGSqvS49x9uJcB,NC,Studeren,NS,1,3
R_vZGSqvS49x9uJcB,NC,Studeren,NS,1,4
R_vZGSqvS49x9uJcB,NC,Studeren,NS,0,5
R_vZGSqvS49x9uJcB,NC,Stoel,NS,1,1
R_vZGSqvS49x9uJcB,NC,Stoel,NS,1,2
R_vZGSqvS49x9uJcB,NC,Stoel,NS,1,3
R_vZGSqvS49x9uJcB,NC,Stoel,NS,1,4
R_vZGSqvS49x9uJcB,NC,Stoel,NS,1,5
R_vZGSqvS49x9uJcB,NC,Varken,NS,0,1
R_vZGSqvS49x9uJcB,NC,Varken,NS,1,2
R_vZGSqvS49x9uJcB,NC,Varken,NS,1,3
R_vZGSqvS49x9uJcB,NC,Varken,NS,1,4
R_vZGSqvS49x9uJcB,NC,Varken,NS,1,5
R_vZGSqvS49x9uJcB,NC,Eten,NS,1,1
R_vZGSqvS49x9uJcB,NC,Eten,NS,1,2
R_vZGSqvS49x9uJcB,NC,Eten,NS,1,3
R_vZGSqvS49x9uJcB,NC,Eten,NS,1,4
R_vZGSqvS49x9uJcB,NC,Eten,NS,1,5
R_vZGSqvS49x9uJcB,NC,Fruit,NS,1,1
R_vZGSqvS49x9uJcB,NC,Fruit,NS,1,2
R_vZGSqvS49x9uJcB,NC,Fruit,NS,1,3
R_vZGSqvS49x9uJcB,NC,Fruit,NS,1,4
R_vZGSqvS49x9uJcB,NC,Fruit,NS,0,5
R_vZGSqvS49x9uJcB,NC,Stad,NS,1,1
R_vZGSqvS49x9uJcB,NC,Stad,NS,1,2
R_vZGSqvS49x9uJcB,NC,Stad,NS,1,3
R_vZGSqvS49x9uJcB,NC,Stad,NS,1,4
R_vZGSqvS49x9uJcB,NC,Stad,NS,1,5
R_vZGSqvS49x9uJcB,NC,Cafe,NS,1,1
R_vZGSqvS49x9uJcB,NC,Cafe,NS,1,2
R_vZGSqvS49x9uJcB,NC,Cafe,NS,1,3
R_vZGSqvS49x9uJcB,NC,Cafe,NS,1,4
R_vZGSqvS49x9uJcB,NC,Cafe,NS,1,5
R_vZGSqvS49x9uJcB,NC,Zomer,NS,1,1
R_vZGSqvS49x9uJcB,NC,Zomer,NS,0,2
R_vZGSqvS49x9uJcB,NC,Zomer,NS,0,3
R_vZGSqvS49x9uJcB,NC,Zomer,NS,0,4
R_vZGSqvS49x9uJcB,NC,Zomer,NS,1,5
R_vZGSqvS49x9uJcB,NC,Kopen,MS,1,1
R_vZGSqvS49x9uJcB,NC,Kopen,MS,1,2
R_vZGSqvS49x9uJcB,NC,Kopen,MS,1,3
R_vZGSqvS49x9uJcB,NC,Kopen,MS,1,4
R_vZGSqvS49x9uJcB,NC,Kopen,MS,1,5
R_vZGSqvS49x9uJcB,NC,Maand,MS,0,1
R_vZGSqvS49x9uJcB,NC,Maand,MS,1,2
R_vZGSqvS49x9uJcB,NC,Maand,MS,1,3
R_vZGSqvS49x9uJcB,NC,Maand,MS,1,4
R_vZGSqvS49x9uJcB,NC,Maand,MS,1,5
R_vZGSqvS49x9uJcB,NC,Goedkoop,MS,0,1
R_vZGSqvS49x9uJcB,NC,Goedkoop,MS,1,2
R_vZGSqvS49x9uJcB,NC,Goedkoop,MS,0,3
R_vZGSqvS49x9uJcB,NC,Goedkoop,MS,0,4
R_vZGSqvS49x9uJcB,NC,Goedkoop,MS,1,5
R_vZGSqvS49x9uJcB,NC,Dochter,MS,0,1
R_vZGSqvS49x9uJcB,NC,Dochter,MS,0,2
R_vZGSqvS49x9uJcB,NC,Dochter,MS,1,3
R_vZGSqvS49x9uJcB,NC,Dochter,MS,0,4
R_vZGSqvS49x9uJcB,NC,Dochter,MS,1,5
R_vZGSqvS49x9uJcB,NC,Kamer,MS,1,1
R_vZGSqvS49x9uJcB,NC,Kamer,MS,0,2
R_vZGSqvS49x9uJcB,NC,Kamer,MS,1,3
R_vZGSqvS49x9uJcB,NC,Kamer,MS,1,4
R_vZGSqvS49x9uJcB,NC,Kamer,MS,1,5
R_vZGSqvS49x9uJcB,NC,Oost,MS,1,1
R_vZGSqvS49x9uJcB,NC,Oost,MS,1,2
R_vZGSqvS49x9uJcB,NC,Oost,MS,1,3
R_vZGSqvS49x9uJcB,NC,Oost,MS,1,4
R_vZGSqvS49x9uJcB,NC,Oost,MS,1,5
R_vZGSqvS49x9uJcB,NC,Brood,MS,1,1
R_vZGSqvS49x9uJcB,NC,Brood,MS,1,2
R_vZGSqvS49x9uJcB,NC,Brood,MS,1,3
R_vZGSqvS49x9uJcB,NC,Brood,MS,1,4
R_vZGSqvS49x9uJcB,NC,Brood,MS,1,5
R_vZGSqvS49x9uJcB,NC,Poep,MS,0,1
R_vZGSqvS49x9uJcB,NC,Poep,MS,1,2
R_vZGSqvS49x9uJcB,NC,Poep,MS,1,3
R_vZGSqvS49x9uJcB,NC,Poep,MS,1,4
R_vZGSqvS49x9uJcB,NC,Poep,MS,0,5
R_vZGSqvS49x9uJcB,NC,Zout,HS,1,1
R_vZGSqvS49x9uJcB,NC,Zout,HS,0,2
R_vZGSqvS49x9uJcB,NC,Zout,HS,0,3
R_vZGSqvS49x9uJcB,NC,Zout,HS,0,4
R_vZGSqvS49x9uJcB,NC,Zout,HS,1,5
R_vZGSqvS49x9uJcB,NC,Verwijderen,HS,1,1
R_vZGSqvS49x9uJcB,NC,Verwijderen,HS,1,2
R_vZGSqvS49x9uJcB,NC,Verwijderen,HS,1,3
R_vZGSqvS49x9uJcB,NC,Verwijderen,HS,1,4
R_vZGSqvS49x9uJcB,NC,Verwijderen,HS,1,5
R_vZGSqvS49x9uJcB,NC,Schop,HS,1,1
R_vZGSqvS49x9uJcB,NC,Schop,HS,0,2
R_vZGSqvS49x9uJcB,NC,Schop,HS,1,3
R_vZGSqvS49x9uJcB,NC,Schop,HS,1,4
R_vZGSqvS49x9uJcB,NC,Schop,HS,1,5
R_vZGSqvS49x9uJcB,NC,Slaan,HS,0,1
R_vZGSqvS49x9uJcB,NC,Slaan,HS,0,2
R_vZGSqvS49x9uJcB,NC,Slaan,HS,0,3
R_vZGSqvS49x9uJcB,NC,Slaan,HS,1,4
R_vZGSqvS49x9uJcB,NC,Slaan,HS,0,5
R_vZGSqvS49x9uJcB,NC,Rijstcake,HS,1,1
R_vZGSqvS49x9uJcB,NC,Rijstcake,HS,1,2
R_vZGSqvS49x9uJcB,NC,Rijstcake,HS,1,3
R_vZGSqvS49x9uJcB,NC,Rijstcake,HS,1,4
R_vZGSqvS49x9uJcB,NC,Rijstcake,HS,1,5
R_vZGSqvS49x9uJcB,NC,Uitzetten,HS,1,1
R_vZGSqvS49x9uJcB,NC,Uitzetten,HS,0,2
R_vZGSqvS49x9uJcB,NC,Uitzetten,HS,0,3
R_vZGSqvS49x9uJcB,NC,Uitzetten,HS,1,4
R_vZGSqvS49x9uJcB,NC,Uitzetten,HS,1,5
R_vZGSqvS49x9uJcB,NC,Kin,HS,0,1
R_vZGSqvS49x9uJcB,NC,Kin,HS,0,2
R_vZGSqvS49x9uJcB,NC,Kin,HS,1,3
R_vZGSqvS49x9uJcB,NC,Kin,HS,1,4
R_vZGSqvS49x9uJcB,NC,Kin,HS,1,5
R_vZGSqvS49x9uJcB,NC,Groot,HS,0,1
R_vZGSqvS49x9uJcB,NC,Groot,HS,1,2
R_vZGSqvS49x9uJcB,NC,Groot,HS,1,3
R_vZGSqvS49x9uJcB,NC,Groot,HS,1,4
R_vZGSqvS49x9uJcB,NC,Groot,HS,1,5